1,0,مد و پوشاک
2,0,کتاب، لوازم تحریر و هنر
3,0,کارت هدیه
4,0,کمک های خیریه
5,0,کالای دیجیتال
6,0,کالاهای سوپرمارکتی
7,0,خانه و آشپزخانه
8,0,لوازم خانگی برقی
9,0,موبایل
10,0,اسباب بازی، کودک و نوزاد
11,0,زیبایی و سلامت
12,0,محصولات بومی و محلی
13,0,ورزش و سفر
14,0,خودرو و موتورسیکلت
15,0,ابزار آلات و تجهیزات
16,5,لوازم جانبی کالای دیجیتال
17,8,تهویه، سرمایش و گرمایش
18,3,گیفت کارت اپلیکیشن و نرم افزار
19,6,مادر و کودک
20,10,خواب کودک
21,10,ملزومات اتاق کودک
22,7,حمام و سرویس بهداشتی
23,11,لوازم آرایشی
24,7,خواب
25,6,نوشیدنی‌های سرد
26,2,کتاب
27,3,جعبه کارت هدیه دیجی کالا
28,6,صبحانه
29,8,لوازم توکار
30,5,دوربین
31,14,لوازم جانبی خودرو
32,14,لوازم یدکی خودرو
33,14,سیستم صوتی و تصویری خودرو
34,2,فرش و گلیم
35,14,اتومبیل
36,8,خردکن و غذاساز
37,8,لوازم شست و شو و نظافت
38,7,شستشو و نظافت
39,10,شوینده لباس کودک و نوزاد
40,5,کامپیوتر و تجهیزات جانبی
41,6,افزودنی ها
42,15,یراق آلات
43,14,لوازم مصرفی خودرو
44,8,لوازم پخت و پز
45,6,لبنیات
46,7,دکوراسیون
47,6,مکمل غذایی و دارویی
48,3,کارت هدیه دیجی کالا
49,3,کارت هدیه دیجی استایل
50,2,مترجم و کتاب صوتی
51,10,تغذیه و رشد کودک
52,4,کمک‌های مالی خیریه
53,6,خشکبار و شیرینی
54,8,نوشیدنی ساز
55,3,کارت هدیه الکترونیکی
56,11,لوازم شخصی برقی
57,10,سرگرمی و آموزشی
58,2,فیلم
59,6,فینگر فود و پذیرایی
60,15,لوازم و مصالح ساختمانی
61,6,قنادی
62,6,فرآورده‌های منجمد و یخچالی
63,6,میوه و سبزیجات
64,12,بازی و سرگرمی های بومی محلی
65,5,کنسول بازی
66,3,گیفت کارت بازی
67,15,باغبانی و کشاورزی
68,1,طلا و جواهرات
69,6,کالاهای اساسی و خوار و بار
70,2,صنایع دستی
71,5,هدفون، هدست و هندزفری
72,10,بهداشت و حمام
73,11,ابزار سلامت
74,12,عطاری
75,8,لوازم یدکی خانگی
76,6,بهداشت خانگی
77,7,آشپزخانه
78,15,تجهیزات صنعتی و انبارداری
79,5,سرویس‌های اینترنت و سیم‌کارت
80,1,بچگانه
81,5,لپ تاپ
82,7,روشنایی و الکتریکی
83,15,ابزار دقیق و  اندازه گیری
84,1,مردانه
85,5,ماینینگ
86,9,گوشی موبایل
87,14,لوازم جانبی موتور سیکلت
88,14,لوازم مصرفی موتور سیکلت
89,14,لوازم یدکی موتور سیکلت
90,14,موتور سیکلت
91,14,موتورسیکلت اقساطی
92,14,تجهیزات ایمنی موتورسیکلت
93,3,گیفت کارت فیلم و سریال
94,2,محتوای آموزشی
95,2,موسیقی
96,2,آلات موسیقی
97,6,گل طبیعی
98,15,ابزار غیر برقی
99,5,ماشین های اداری
100,14,قطعات و تجهیزات آفرود
101,3,گیفت کارت فروشگاه آنلاین
102,11,عطر و ادکلن
103,10,پستانک و لوازم شیردهی
104,11,لوازم بهداشتی
105,6,بهداشت شخصی
106,7,اکسسوری لوازم شخصی
107,6,غذا و مکمل حیوانات خانگی
108,7,پت شاپ
109,15,ابزار برقی و شارژی
110,10,گردش و سفر
111,15,تجهیزات تردد، حفاظت و امنیت
112,6,مواد پروتئینی و تخم مرغ
113,2,مجلات، نقشه و نشانگر کتاب
114,6,کنسرو و غذای آماده
115,8,یخچال و فریزر
116,2,محصولات مذهبی
117,12,پوشاک بومی و محلی
118,12,مواد غذایی ارگانیک
119,12,خانه و کاشانه
120,10,ایمنی و مراقبت
121,15,ابزار ایمنی
122,6,شور و ترشیجات
123,5,تجهیزات امنیتی و نظارتی
124,7,سرو و پذیرایی
125,8,چرخ خیاطی
126,8,لوازم مکمل آشپزخانه
127,6,تنقلات
128,2,نرم افزار و بازی
129,8,لوازم ویژه خانگی برقی
130,13,کفش ورزشی
131,13,لوازم ورزشی
132,13,پوشاک ورزشی
133,2,لوازم تحریر
134,5,تبلت و کتابخوان
135,13,لوازم سفر و کمپینگ
136,1,زنانه و مردانه
137,14,خودرو کارکرده
138,7,صوتی و تصویری
139,6,نوشیدنی‌های گرم
140,5,ساعت و مچ بند هوشمند
141,1,زنانه
142,7,آشپرخانه صنعتی و کافی شاپ
143,1,زیبایی و سلامت
144,99,پرینتر سه بعدی
145,99,اسکنر سه بعدی
146,127,انواع بار و تنقلات مغذی
147,132,اکسسوری ورزشی
148,34,لوازم جانبی فرش و ابزار فرش
149,131,ورزش های هوازی و تناسب اندام
150,67,ادوات کشاورزی
151,17,کولر گازی
152,78,دستگاه تولید بالشتک هوا
153,44,سرخ کن
154,40,کامپیوترهای All-in-One
155,138,آمپلی فایر
156,58,پویا نمایی (انیمیشن)
157,104,ضد تعریق
158,59,پیش غذا
159,26,کتاب علوم کاربردی، تکنولوژی و مهندسی
160,108,آبزیان
161,70,دست سازه های هنری
162,70,ابزار کار هنری و دستی
163,106,زیر سیگاری
164,40,کیس های اسمبل شده
165,50,کتاب صوتی
166,138,گیرنده صوتی و تصویری
167,20,ملحفه کودک و نوزاد
168,72,حمام کودک و شست و شو
169,20,تختخواب کودک و نوزاد
170,103,ملزومات شیشه شیر
171,103,شیشه شیر، سرلاک و داروخوری
172,110,آغوشی
173,72,لوازم تعویض
174,80,نوزاد
175,20,کوسن کودک
176,21,چراغ خواب کودک و نوزاد
177,21,کمد و دراور کودک
178,19,غذای مادر و کودک
179,110,چمدان کودک
180,20,تشک کودک و نوزاد
181,120,مانیتور و پیجر اتاق کودک و نوزاد
182,57,لوازم تم عکاسی کودک
183,51,قمقمه و فلاسک کودک و نوزاد
184,133,کیف، کوله و جامدادی
185,142,تجهیزات پخت نان
186,131,ورزش های توپی
187,124,بادکنک و لوازم جانبی
188,99,بارکد خوان
189,22,حمام
190,112,گوشت گاو و گوساله و شتر
191,20,سرویس خواب کودک و نوزاد
192,24,تخت خواب
193,24,تشک
194,111,زنگ و دربازکن
195,54,لوازم جانبی و مصرفی نوشیدنی‌ساز
196,112,تخم پرندگان
197,112,گوشت پرندگان
198,127,بیسکویت و ویفر
199,20,پتو کودک و نوزاد
200,24,پتو
201,36,مخلوط کن
202,109,ابزار دمش و مکش
203,104,بهداشت و مراقبت بدن
204,56,اصلاح موی بدن آقایان
205,73,تجهیزات سنجش و ارزیابی سلامت بدن
206,102,بادی اسپلش
207,54,کتری برقی
208,70,محصولات استخوانی
209,113,نشانگر کتاب
210,51,صندلی غذاخوری کودک و نوزاد
211,103,استریل، گرم و خشک کننده شیشه شیر
212,124,کاسه و پیاله
213,80,پسرانه
214,118,نان و رشته محلی
215,69,نان
216,28,غلات صبحانه
217,28,شکلات صبحانه و کرم بیسکویت
218,127,خوشبوکننده دهان
219,19,بهداشت و نگهداری کودک
220,29,فر
221,29,گاز صفحه ای
222,97,دسته گل
223,106,لوازم جانبی فندک و زیر سیگاری
224,106,فندک
225,45,کره
226,99,ماشین حساب
227,133,سالنامه
228,83,گیج و کولیس
229,99,کالر آی دی
230,30,دوربین فیلم برداری
231,30,لوازم جانبی عکاسی و فیلم برداری
232,135,لوازم کمپینگ
233,114,کنسرو حبوبات و سبزیجات
234,114,کمپوت
235,139,کاپوچینو
236,31,جانبی خودرو
237,33,آمپلی فایر خودرو
238,32,لوازم بدنه خودرو
239,31,نظافت و نگهداری خودرو
240,32,لوازم برقی و الکترونیکی خودرو
241,43,فیلتر خودرو
242,33,مسیریاب خودرو
243,33,دستگاه پخش خودرو
244,31,امنیت خودرو
245,33,بلندگوی خودرو
246,31,ابزار خودرو
247,116,آیات و ادعیه کارتی
248,99,پرینتر کارت
249,34,موکت
250,34,فرش
251,99,اسکناس شمار
252,99,کشوی پول
253,112,خاویار
254,60,سیمان
255,69,حبوبات و سویا
256,69,غلات
257,110,صندلی خودرو کودک و نوزاد
258,99,پرفراژ چک
259,127,پفک و اسنک
260,45,پنیر
261,127,آدامس
262,112,گوشت مرغ
263,73,مراقبت کودکان
264,72,بهداشت و سلامت کودک
265,110,لوازم جانبی گردش و سفر کودک و نوزاد
266,26,کتاب کودک و نوجوان
267,57,وسایل بازی و تجهیزات پارکی کودک
268,21,تزئینات اتاق کودک
269,21,مبلمان اتاق کودک
270,127,چیپس و پاپ کورن
271,127,شکلات و فرآورده‌های کاکائویی
272,126,چشمه شکلات
273,127,تافی و آبنبات
274,63,میوه خردشده
275,36,خردکن
276,106,جا سیگاری
277,54,آب مرکبات گیر
278,109,ابزار نظافت
279,38,لوازم نظافت
280,54,قهوه ساز
281,54,رستر قهوه
282,139,قهوه
283,34,کلاژ، پوست و فرش رنگ شده
284,42,رنگ
285,40,لوازم جانبی کامپیوتر
286,40,خنک‌ کننده کامپیوتر
287,40,قطعات کامپیوتر
288,58,کنسرت
289,78,کانکس
290,109,ابزار اتصال و جوش
291,60,تجهیزات ساختمانی
292,73,لوازم پزشکی مصرفی
293,98,لوازم مصرفی
294,127,کیک و کلوچه
295,99,لوازم جانبی دستگاه کپی
296,99,دستگاه کپی
297,99,کپی برد
298,53,پشمک، مسقطی و باسلوق
299,24,روتختی
300,24,لحاف
301,20,گهواره
302,45,خامه
303,61,شیرینی خامه‌ ای
304,36,کرپ ساز
305,20,آویز تخت کودک
306,63,صیفی جات
307,94,فرهنگ، هنر و فلسفه
308,46,پرده و ملزومات
309,46,کوسن، رومیزی و شال مبل
310,109,ابزار برش و تراشکاری
311,40,تجهیزات ذخیره‌سازی اطلاعات
312,99,ویدیو پروژکتور
313,94,دکوراسیون و معماری
314,46,دکوراتیو
315,46,ساعت تزئینی
316,46,آینه دکوراتیو
317,46,چراغ خواب و آباژور
318,73,تجهیزات دندانپزشکی
319,104,بهداشت دهان و دندان
320,133,ابزار طراحی و مهندسی
321,53,دسر
322,76,مواد شوینده
323,110,ساک لوازم کودک و نوزاد
324,30,دوربین عکاسی
325,16,لوازم تعمیرات کالای دیجیتال
326,40,قلم نوری
327,124,سرویس غذاخوری
328,38,ماشین ظرفشویی
329,124,سفره یکبار مصرف
330,124,لوازم یکبار مصرف آشپزخانه
331,83,ابزارهای اندازه گیری دیجیتالی و لیزری
332,25,عرقیات و گلاب
333,58,مستند
334,45,دوغ
335,42,دستگیره در و یراق آلات
336,42,آرام بند
337,42,چشمی درب
338,42,قفل و سیلندر در
339,111,در باز کن
340,111,در ورودی
341,42,دستگیره در
342,62,انواع خمیر و نان پیتزا
343,133,ابزار نقاشی و رنگ آمیزی
344,53,میوه خشک
345,41,سبزی خشک و پودر جوانه
346,109,ابزار سوراخکاری و پیچاندن
347,121,محافظ گوش
348,111,هشدار دهنده زلزله
349,134,کتاب‌خوان و کاغذ دیجیتالی
350,68,طلای دسته اول کم اجرت
351,96,سازهای افکت
352,109,لوازم جانبی ابزار برقی، شارژی و بادی
353,78,موتور برق
354,44,پلوپز
355,54,سماور برقی
356,42,یراق آلات کرکره برقی
357,82,الکتریکی
358,109,قطعات الکترونیکی
359,96,سازهای الکترونیک
360,60,آسانسور
361,99,دستگاه کنترل تردد
362,73,سلامت محیط
363,121,تجهیزات کنترل محیط و آزمایشگاه
364,56,اصلاح موی بدن بانوان
365,78,تجهیزات صنایع گاز
366,142,اسپرسو ساز صنعتی
367,54,اسپرسو ساز
368,23,آرایش چشم
369,23,آرایش ابرو
370,104,مراقبت پوست
371,23,آرایش صورت
372,17,فن کویل
373,17,پنکه
374,99,فکس
375,103,کاور شیردهی
376,103,بالش شیردهی
377,104,بهداشت زنان
378,59,فینگر فود
379,121,کپسول آتش‌نشانی
380,121,لوازم آتشنشانی
381,121,تجهیزات آتشنشانی
382,121,جعبه کمک‌های اولیه
383,112,ماهی
384,135,لوازم ماهیگیری
385,124,کلمن و فلاسک
386,42,کف شور
387,97,سبد گل
388,97,جعبه گل
389,33,اف ام پلیر
390,41,زعفران، زرشک و تزئینات غذا
391,36,غذاساز
392,74,مواد غذایی
393,51,غذاساز و بخارپز کودک و نوزاد
394,26,کتاب چاپی غیر فارسی
395,61,کیک تازه
396,59,سالاد تازه
397,61,شیرینی تر و خامه‌ای
398,32,لوازم جلوبندی و تعلیق
399,62,میوه منجمد
400,62,غذای آماده یخچالی و منجمد
401,53,خرما
402,62,سبزیجات منجمد
403,127,لواشک، برگه و آلوچه
404,63,میوه
405,46,مبلمان و دکوراسیون
406,78,ابر و اسفنج مبلمان
407,40,تجهیزات مخصوص بازی
408,65,لوازم جانبی کنسول بازی
409,66,گیفت کارت پلتفرم‌های بازی
410,67,ابزارآلات باغبانی
411,17,مشعل گازی
412,17,بخاری
413,53,گز، سوهان و پولکی
414,65,گیفت کارت
415,133,ملزومات هدیه
416,60,تیرآهن
417,80,دخترانه
418,76,دستکش نظافت
419,62,محصولات بدون گلوتن
420,68,سکه و شمش طلا
421,134,رهیاب ماهواره‌ای
422,67,گل‌خانه خانگی
423,44,گریل و باربیکیو
424,36,آسیاب
425,111,حفاظ
426,127,پاستیل
427,104,شامپو و مراقبت مو
428,56,سشوار
429,56,اتو و حالت دهنده ی مو
430,23,آرایش مو
431,56,بیگودی و فر کننده ی مو
432,104,لوازم اصلاح مو
433,56,اصلاح موی سر
434,143,آرایش و مراقبت مو
435,28,حلوا شکری، ارده و کنجد
436,36,گوشت کوب برقی
437,98,ابزار دستی
438,17,پنکه‌های دستی، شارژی، همراه، گیره‌ای و USB
439,38,جارو شارژی
440,76,دستمال نظافت یکبار مصرف
441,38,سرامیک شوی و فرش شوی
442,121,هارنس
443,40,هدفون، هدست، میکروفون
444,73,لوازم جانبی ساعت تندرستی
445,73,سمعک و لوازم جانبی
446,17,مبدل حرارتی
447,17,بخاری برقی
448,73,ابزار مراقبت پا
449,121,کلاه ایمنی
450,139,دمنوش
451,135,کوه‌ نوردی و صخره نوردی
452,42,لولا
453,38,کاور لوازم خانگی
454,138,سیستم صوتی خانگی
455,65,بازی های کنسول خانگی
456,138,سینمای خانگی
457,28,عسل
458,29,هود
459,73,تجهیزات بیمارستانی
460,139,هات چاکلت
461,97,نهال و گیاهان آپارتمانی
462,94,بهداشت و خانواده
463,105,لوازم بهداشتی مصرفی
464,138,ضبط کننده صدا
465,124,بستنی خوری
466,45,بستنی
467,31,لوازم تزئینی خودرو
468,31,سایر لوازم خودرو
469,66,گیفت کارت پرداخت‌های درون بازی
470,33,لوازم جانبی صوتی و تصویری خودرو
471,78,تجهیزات اتوماسیون صنعتی
472,78,اینورتر صنعتی
473,78,ماشین آلات صنعتی
474,78,روغن های صنعتی
475,78,دستگاه های حمل و بالابر صنعتی
476,121,لباس کار
477,73,تزریقات
478,38,حشره کش و سوسک کش
479,139,قهوه فوری
480,95,موسیقی بی‌کلام
481,79,سرویس اینترنت
482,79,سیم‌کارت ایرانسل
483,17,کولر آبی
484,38,اتو
485,38,لوازم اتو
486,28,مربا
487,54,آبمیوه گیری
488,77,تهیه و سرو چای و قهوه
489,96,سازهای صفحه کلیددار
490,40,کیبورد (صفحه کلید)
491,116,قبله نما
492,68,زیورآلات طلا بچگانه
493,102,عطر و ادکلن کودکان
494,110,چادر بازی کودک
495,77,لوازم پخت و پز
496,36,ماشین آشپزخانه
497,126,ترازوی آشپزخانه
498,99,پرینتر لیبل زن و لوازم جانبی
499,42,نردبان
500,99,پرس کارت و لمینت
501,26,کتاب زبان
502,94,آموزش زبان
503,81,لوازم جانبی لپ تاپ
504,83,متر لیزری
505,83,تراز لیزری
506,99,لیزر پوینتر
507,94,کمک آموزشی تحصیلی
508,83,تراز
509,82,نور و روشنایی
510,133,چراغ مطالعه
511,23,آرایش لب
512,41,چاشنی‌های مایع ترش
513,111,قفل
514,113,مجلات
515,94,حقوق و مدیریت
516,113,نقشه چاپی
517,131,ورزش های رزمی
518,121,ماسک و لوازم جانبی ماسک
519,73,ماساژور
520,36,چرخ گوشت
521,32,لوازم مکانیکی
522,73,چسب و پد درمانی
523,73,البسه طبی و پزشکی
524,73,تجهیزات پزشکی
525,68,طلای آب شده
526,84,اکسسوری مردانه
527,84,لباس مردانه
528,68,مردانه
529,84,کفش مردانه
530,132,لباس ورزشی مردانه
531,84,ورزشی مردانه
532,70,محصولات فلزی
533,83,متر
534,83,میکرومتر
535,30,میکروسکوپ و ذره بین
536,44,مایکروویو، مایکروفر
537,45,شیر
538,103,شیردوش
539,78,مواد خام و معدنی
540,40,کامپیوترهای کوچک
541,36,همزن
542,16,لوازم جانبی گوشی موبایل
543,94,آموزش موبایل و تبلت
544,99,تشخیص اصالت اسکناس
545,40,نمایشگر (مانیتور)
546,20,پشه بند
547,78,موتور
548,88,باتری موتورسیکلت
549,87,ملزومات باربری
550,88,لنت ترمز موتورسیکلت
551,89,اگزوز موتور سیکلت
552,88,لامپ موتور سیکلت
553,92,قفل موتور سیکلت
554,88,روغن موتور سیکلت
555,89,سایر لوازم یدکی موتور سیکلت
556,88,شمع موتورسیکلت
557,92,دزدگیر موتورسیکلت
558,88,لاستیک موتورسیکلت
559,87,سایر لوازم جانبی موتور سیکلت
560,89,چراغ موتور سیکلت
561,87,پوشش ایمنی موتورسواری
562,116,تجهیزات مناسبتی و عزاداری
563,40,ماوس پد
564,40,ماوس (موشواره)
565,58,فیلم سینمایی
566,124,پارچ، بطری و لیوان
567,138,لوازم جانبی صوتی و تصویری
568,138,پخش کننده چند رسانه ای
569,83,مولتی متر
570,109,ابزار همه کاره برقی، شارژی و دستی
571,94,آموزش موسیقی
572,96,لوازم جانبی آلات موسیقی
573,23,بهداشت و زیبایی ناخن
574,97,شاخه گل
575,25,آبمیوه طبیعی
576,42,توری
577,123,لوازم جانبی دوربین‌ های امنیتی و نظارتی
578,123,دوربین های امنیتی و نظارتی
579,123,ضبط‌کننده ویدئویی دوربین‌های امنیتی و نظارتی
580,40,تجهیزات شبکه و ارتباطات
581,25,ماءالشعیر
582,25,نوشیدنی غیر لبنی
583,74,غیر خوراکی
584,56,اصلاح موی گوش، بینی و ابرو
585,81,لپ تاپ و الترابوک
586,47,مکمل غذایی
587,127,تخمه و مغز طعم‌دار
588,53,آجیل
589,16,لوازم جانبی اداری
590,99,تجهیزات مدرن اداری
591,133,لوازم اداری
592,69,روغن
593,43,روغن و ضد یخ خودرو
594,122,زیتون
595,40,درایو نوری
596,105,بهداشت دهان و دندان
597,73,استومی
598,23,برس‌ها و تجهیزات آرایشی
599,44,آون توستر
600,44,اجاق گاز
601,103,پستانک و ملزومات
602,70,نقاشی و دست‌نوشته‌های هنری
603,78,پالت
604,133,دفتر و کاغذ و مقوا
605,124,ابزار مهمانی
606,69,ماکارونی، پاستا، نودل و رشته
607,77,لوازم تهیه کیک و دسر
608,128,بازی های کامپیوتری
609,105,جتمارت بهداشت شخصی
610,99,PDA و دیتا کالکتور
611,28,کره بادام زمینی
612,140,گام شمار
613,42,آویز
614,96,سازهای کوبه‌ای
615,102,عطر و ادکلن مردانه
616,102,ست عطر و ادکلن
617,32,قطعات سرویس دوره ای
618,108,حیوانات خانگی
619,133,آلبوم عکس
620,46,قاب عکس و تابلو
621,94,آموزش عکاسی و فیلم‌برداری
622,122,خیارشور
623,118,ترشیجات و شور خانگی
624,34,تابلو فرش
625,24,بالش
626,42,لوله و اتصالات
627,42,لوله بازکن
628,112,فرآورده‌های پروتئینی گیاهی
629,67,کاشت و پرورش گیاه
630,124,بشقاب
631,77,ظروف آشپزخانه
632,99,پلاتر
633,102,عطر جیبی
634,60,استخر، سونا و جکوزی
635,65,کنسول پرتابل
636,116,سجاده و جانماز
637,114,غذای آماده
638,42,ابزار پیش ساخته
639,99,پرزنتر
640,99,پرینت سرور
641,26,کتاب هنر و سرگرمی
642,26,کتاب زندگینامه و دایره المعارف
643,26,کتاب فلسفه و روانشناسی
644,26,کتاب شعر و ادبیات
645,26,کتاب علوم اجتماعی
646,26,کتاب تاریخ و جغرافیا
647,99,لوازم جانبی پرینتر
648,99,پرینتر
649,132,لباس ورزشی تخصصی
650,103,محافظ و پد سینه
651,24,روکش لحاف
652,17,شوفاژ برقی
653,138,رادیو
654,53,کشمش و مویز
655,40,کارت‌خوان
656,127,خوراکی و تخم مرغ شانسی
657,45,دسر آماده
658,114,غذای نیمه آماده
659,60,میلگرد
660,58,فیلم تئاتر
661,42,تجهیزات کاهنده مصرف آب
662,26,کتاب دینی
663,94,آموزش تعمیرات
664,69,برنج
665,131,ورزش های سواری
666,34,گلیم و گبه
667,117,اکسسوری و زیورآلات دست ساز
668,119,خواب و حمام
669,118,نوشیدنی‌های محلی
670,118,صبحانه محلی
671,119,قالی و قالیچه
672,64,شطرنج دست ساز
673,117,لباس سنتی و محلی
674,118,لبنیات سنتی
675,119,دکوراتیو سنتی
676,119,ظروف سنتی
677,64,عروسک محلی
678,118,خوار و بار محلی
679,119,لوازم آشپزخانه سنتی
680,118,گوشت و محصولات پروتئینی ارگانیک
681,118,تنقلات خانگی
682,118,کیک و شیرینی خانگی
683,64,اسباب بازی چوبی
684,111,صندوق
685,121,عینک ایمنی
686,121,دستکش ایمنی
687,121,کفش ایمنی
688,111,تابلو و برچسب ایمنی و راهنما
689,121,علائم ایمنی و نشانه‌ها
690,120,ابزار ایمنی کودک و نوزاد
691,116,صلوات شمار
692,122,ترشی
693,122,شور
694,109,ابزار سنباده زنی، رنده و پولیش
695,44,ساندویچ ساز و وافل ساز
696,41,سس
697,112,سوسیس و کالباس
698,124,سس خوری و آبلیمو خوری
699,99,اسکنر
700,76,اسکاچ و سیم ظرفشویی
701,111,دزدگیر اماکن
702,62,غذای نیمه آماده یخچالی و منجمد
703,58,سریال
704,59,غذای آماده سرو
705,40,کامپیوتر سرور
706,124,ابزار سرو و پذیرایی
707,124,ظروف سرو و پذیرایی
708,104,بهداشت جنسی
709,56,اصلاح موی صورت
710,112,گوشت گوسفند
711,28,شیره
712,38,نظافت کفش
713,38,نظافت لباس
714,99,لوازم فروشگاهی
715,99,کاغذ خردکن
716,99,برش دهنده‌ی کاغذ
717,112,میگو
718,99,پد امضا
719,38,سینک
720,56,ابزار مراقبت از پوست
721,105,مراقبت از پوست و مو
722,73,کالای خواب طبی
723,24,اقلام سرویس خواب
724,24,سرویس خواب
725,44,آرام‌پز و زودپز برقی
726,140,ساعت هوشمند
727,140,مچ بند هوشمند
728,104,صابون شستشو
729,25,نوشابه
730,94,آموزش نرم‌افزار و کامپیوتر
731,128,نرم افزار
732,60,قطعات و تجهیزات خورشیدی
733,138,ساندبار
734,78,قطعات یدکی ماشین آلات صنعتی
735,40,اسپیکر (بلندگو)
736,73,پانسمان‌های تخصصی
737,41,ادویه و چاشنی
738,51,قاشق، چنگال و ظروف کودک و نوزاد
739,94,ورزش و سرگرمی
740,25,نوشیدنی ورزشی و انرژی‌زا
741,47,مکمل ورزشی
742,102,اسپری
743,65,کنسول خانگی
744,133,نوشت افزار
745,133,بسته های لوازم تحریر
746,46,مجسمه و تندیس
747,38,بخار شو
748,44,بخارپز، هواپز، تخم مرغ پز، نان پز
749,46,استیکر و پوستر
750,21,استیکر و تابلو کودک و نوزاد
751,70,محصولات سنگی، چینی و سرامیکی
752,78,یخچال‌های فروشگاهی و فریزرهای بستنی
753,131,ورزش های فکری
754,96,سازهای زهی
755,110,کالسکه و کریر
756,96,تجهیزات استودیویی
757,69,قند و نبات
758,69,شکر
759,124,قندان
760,73,ارتوپدی و کمک درمانی
761,61,شیرینی خشک
762,53,شیرینی
763,25,شربت و آبمیوه
764,124,سفره
765,46,تابلو آینه
766,16,لوازم جانبی تبلت
767,134,تبلت
768,131,ورزش های نشانه‌ روی
769,54,چای ساز
770,139,چای
771,124,سرویس چای خوری
772,99,تلفن
773,30,تلسکوپ
774,83,ساعت اندیکاتور
775,26,کتاب درسی، کمک‌درسی و آزمون
776,70,دست بافته‌ ها، رودوزی و محصولات پارچه ای و چرمی
777,43,لاستیک خودرو
778,124,نگهدارنده و جای دستمال کاغذی
779,105,دستمال کاغذی
780,44,توستر
781,98,نظم دهنده ابزار
782,83,دوربین نقشه برداری
783,99,تجهیزات راهنمای تور
784,77,منسوجات آشپزخانه
785,21,جعبه و کمد اسباب بازی کودک و نوزاد
786,57,اسباب بازی
787,70,چاپ های سنتی
788,119,رومیزی، رانر و زیربشقابی سنتی
789,50,مترجم
790,135,لوازم سفر
791,124,سینی
792,73,مکمل تجهیزات پزشکی
793,114,کنسرو ماهی
794,31,تیونینگ و تقویت موتور
795,116,مهر و پایه مهر
796,138,میز تلویزیون
797,138,تلویزیون
798,69,انواع رب
799,99,ماشین‌های تایپ
800,73,حمام آلتراسونیک
801,136,اکسسوری زنانه و مردانه
802,68,زیورآلات طلا زنانه و مردانه
803,80,مد و پوشاک دخترانه و پسرانه
804,136,کفش زنانه و مردانه
805,40,USB هاب
806,37,جاروبرقی
807,37,لوازم جانبی جاروبرقی و بخار شو
808,63,سبزیجات
809,121,جلیقه ایمنی
810,99,ویدئو وال
811,95,موسیقی با کلام
812,142,وافل ساز
813,17,پکیج شوفاژ دیواری گازسوز
814,46,کفپوش و دیوارپوش
815,29,کشوی گرمکن
816,38,ماشین لباسشویی
817,16,لوازم جانبی ساعت و مچ بند هوشمند
818,16,بند ساعت و مچ‌ بند
819,131,ورزش های آبی
820,17,آبگرمکن
821,54,لوازم جانبی تصفیه‌آب و آبسردکن
822,42,مخزن آب
823,54,تصفیه آب و آبسردکن
824,25,آب و آب معدنی
825,22,سرویس بهداشتی
826,73,تشک مواج
827,40,وب‌کم
828,78,چرخ
829,42,فرغون
830,45,کشک تر
831,96,سازهای بادی
832,131,ورزش های زمستانی
833,141,اکسسوری زنانه
834,141,لباس زنانه
835,68,زیورآلات طلا زنانه
836,102,عطر و ادکلن مردانه و زنانه
837,102,عطر و ادکلن زنانه
838,141,کفش زنانه
839,132,لباس ورزشی زنانه
840,141,ورزشی زنانه
841,70,محصولات چوبی و حصیری
842,98,تجهیزات کارگاهی
843,97,تاج گل
844,133,میز تحریر
845,45,ماست
846,61,زولبیا و بامیه
847,127,جت مارت
848,34,روفرشی و پشتی
849,567,عینک سه بعدی
850,580,مودم - روتر 3G و 4G و 5G
851,292,آبسلانگ
852,293,لوازم بسته بندی
853,542,مجموعه لوازم جانبی
854,285,لوازم جانبی قطعات کامپیوتر
855,232,تجهیزات اسکان
856,831,آکاردئون
857,731,نرم افزارهای حسابداری
858,756,تجهیزات آکوستیک
859,580,آداپتور شبکه
860,231,آداپتور و کانورتر
861,285,مبدل
862,160,افزودنیهای آب
863,293,پاک‌کننده و حلال چسب
864,713,پرزگیر لباس
865,203,پوشک بزرگسال (پوشینه بزرگسال)
866,432,افتر شیو
867,352,لوازم جانبی کمپرسور هوا
868,202,کمپرسور باد
869,246,کمپرسور هوا
870,241,فیلتر هوا
871,437,تلمبه
872,362,فیلتر تصفیه کننده هوا
873,362,تصفیه کننده هوا
874,521,دریچه هوا
875,390,خلال بادام
876,588,بادام
877,240,دینام و استارت
878,741,آمینو اسید
879,568,اندروید باکس
880,694,فرز و سنگ رومیزی
881,225,کره حیوانی
882,592,روغن حیوانی
883,580,آنتن تقویتی
884,370,کرم و ژل ضد جوش
885,370,کرم ضد چروک
886,203,کرم لاغری
887,370,کرم ضد لک
888,714,گیت ضد سرقت فروشگاهی
889,203,صابون ضد باکتری
890,593,ضدیخ و آب رادیاتور
891,430,اکسیدان
892,512,سرکه سیب
893,542,لوازم جانبی اپل واچ
894,784,پیش بند
895,160,غذای آبزیان
896,160,تجهیزات آکواریوم
897,160,آکواریوم آبزیان
898,160,دکور آبزیان
899,282,قهوه عربیکا
900,320,کیف آرشیو
901,591,ابزار بایگانی
902,435,ارده
903,848,روفرشی
904,751,کاشی کاری
905,675,زیر سیگاری سنتی
906,589,صفحه کلید دستگاه های خودپرداز
907,567,سایر لوازم جانبی صوتی و تصویری
908,567,گیرنده - فرستنده صدا
909,345,سبزی خشک آش
910,240,باتری خودرو
911,238,چراغ خودرو
912,410,تبر، بیل و کلنگ
913,398,پلوس، سرپلوس و مشعلی
914,168,لیف کودک و نوزاد
915,168,وان حمام کودک و نوزاد
916,173,روغن بچه
917,173,پودر بچه
918,168,شامپو کودک و نوزاد
919,264,تب سنج و دماسنج کودک و نوزاد
920,219,مسواک کودک
921,168,حوله کودک و نوزاد
922,267,روروک و واکر
923,173,تشک، زیرانداز و میز تعویض پوشک کودک
924,173,دستمال مرطوب کودک
925,848,پشتی
926,801,پیکسل
927,790,کیف و کوله سفری
928,754,باغلاما
929,184,کیف و کوله مدرسه
930,521,بلبرینگ
931,186,لوازم جانبی ورزش های توپی
932,186,تجهیزات ورزش های توپی
933,512,سرکه بالزامیک
934,675,صراحی محلی
935,292,پانسمان
936,390,زرشک
937,589,لوازم بارکد خوان
938,256,جو
939,573,لاک پایه
940,631,سبد سیب زمینی و پیاز
941,203,نمک حمام
942,189,زیرپایی حمام
943,189,ابزار حمام
944,189,وان و جکوزی
945,231,باتری، شارژر و متعلقات
946,352,باتری و شارژر
947,255,لوبیا
948,598,سایر تجهیزات زیبایی
949,357,زنگ
950,665,دوچرخه سواری
951,675,سطل دست ساز
952,196,تخم طیور
953,729,نوشابه سیاه
954,770,چای سیاه کیسه‌ای
955,770,چای سیاه
956,352,تیغه اره و رنده
957,202,مکنده - دمنده
958,568,پخش کننده Blu-Ray
959,285,دانگل بلوتوث
960,371,رژ گونه
961,819,قایق و لوازم جانبی
962,734,تجهیزات بدنه ماشین آلات صنعتی
963,203,لوسیون و روغن بدن
964,203,شامپو بدن
965,760,ساپورت های تنه
966,343,بوم نقاشی
967,631,در بطری
968,631,بطری
969,768,تیر و کمان
970,751,جعبه
971,213,اکسسوری پسرانه
972,213,لباس پسرانه
973,492,زیورآلات طلا پسرانه
974,213,کفش پسرانه
975,213,ورزشی پسرانه
976,567,پایه دیواری و سقفی
977,398,لوازم ترمز
978,398,دیسک ترمز
979,593,روغن ترمز
980,521,لنت ترمز خودرو
981,532,محصولات برنجی و برنزی
982,495,منقل و باربیکیو
983,631,ظرف نان
984,737,پودر سوخاری
985,784,کیسه نان و سبزی
986,216,سایر غلات صبحانه
987,260,پنیر صبحانه
988,631,ست جهیزیه عروس
989,255,باقلا
990,371,برنز کننده
991,279,جارو و خاک‌انداز
992,758,شکر قهوه‌ای و سرخ
993,598,برس ها و تجهیزات آرایشی صورت
994,410,داس موتوری
995,343,قلم مو
996,598,برس مو
997,279,فرچه
998,279,سطل
999,291,مصالح ساختمانی
1000,420,شمش و پلاک طلا
1001,238,سپر
1002,241,فیلتر کابین
1003,291,کابینت
1004,357,کابل و سیم
1005,321,پودر کاکائو
1006,618,لانه و قفس نگهداری حیوانات
1007,607,قالب کیک و دسر
1008,321,پودر کیک و شیرینی
1009,231,کیف دوربین
1010,231,کابل رابط دوربین
1011,231,محافظ صفحه نمایش دوربین
1012,231,لنز دوربین
1013,231,فیلم عکاسی
1014,231,کتاب آموزش عکاسی و راهنمای دوربین
1015,231,ریموت کنترل دوربین
1016,232,تجهیزات کمپینگ
1017,232,اجاق و ظرف سفری
1018,521,میل لنگ و میل بادامک
1019,161,جاشمعی، جاعودی و آباژور
1020,314,شمع
1021,675,شمعدان دست ساز
1022,314,شمعدان
1023,757,نبات
1024,233,کنسرو لوبیا
1025,233,کنسرو نخود
1026,233,کنسرو ذرت
1027,233,کنسرو بادمجان
1028,233,کنسرو نخود فرنگی
1029,233,کنسرو عدس
1030,233,کنسرو سایر حبوبات و سبزیجات
1031,343,پایه بوم
1032,239,خوشبوکننده و تصفیه کننده هوای خودرو
1033,467,روکش صندلی خودرو
1034,542,شارژر تبلت و موبایل
1035,467,کفپوش خودرو
1036,239,چادر خودرو
1037,467,روکش و تزئینات داشبورد خودرو
1038,467,عایق صندوق ، کاپوت و درب خودرو
1039,521,شلنگ خودرو
1040,467,جاسوئیچی وسایل نقلیه
1041,521,کلیدهای خودرو
1042,240,لامپ خودرو
1043,521,قفل خودرو
1044,467,آرم و برچسب خودرو
1045,593,مکمل سوخت و روغن خودرو
1046,467,تجهیزات نظم دهنده داخل خودرو
1047,521,شمع خودرو
1048,786,ماشین، هواپیما و قطار
1049,467,باربند
1050,246,یخچال اتومبیل
1051,246,یخچال خودرو
1052,244,دزدگیر خودرو
1053,240,حسگر خودرو
1054,467,کفپوش صندوق خودرو
1055,239,پد و دستمال نظافت خودرو
1056,239,واکس، پولیش و تمیزکننده خودرو
1057,334,دوغ گازدار
1058,763,آبمیوه گازدار
1059,310,اره برقی
1060,148,گیره، ترمز و محافظ ریشه فرش
1061,148,ملزومات فرش
1062,322,شوینده فرش و مبل
1063,666,گلیم فرش
1064,647,کارتریج و جوهر مخزن
1065,352,لوازم جانبی کارواش
1066,239,کارواش
1067,572,کیس و کاور
1068,286,فن کیس
1069,588,بادام هندی
1070,714,صندوق فروشگاهی
1071,529,کفش روزمره مردانه
1072,838,کفش روزمره زنانه
1073,292,سوند و کتترهای ادراری
1074,542,باتری گوشی
1075,542,کابل شارژ و مبدل
1076,542,پایه نگهدارنده گوشی و تبلت
1077,542,قطعات جانبی موبایل و تبلت
1078,542,کیف و کاور گوشی
1079,542,محافظ صفحه نمایش گوشی
1080,392,غلات و حبوبات ارگانیک
1081,842,بالابر زنجیری و پولیفت
1082,310,اره زنجیری
1083,744,گچ
1084,620,تابلو شاسی
1085,676,ظرف کره و پنیر سنتی
1086,753,شطرنج
1087,256,دانه چیا
1088,586,مکمل کودک و نوزاد
1089,219,دهان‌شویه و خمیردندان کودک و نوزاد
1090,264,گوش پاک کن کودک و نوزاد
1091,219,صابون بچه
1092,437,قلم ساختمانی
1093,271,شکلات
1094,737,دارچین
1095,314,گیره و مگنت
1096,831,کلارینت
1097,161,طبقه و قفسه
1098,751,سفال، سرامیک و چینی
1099,542,کیت تمیز کننده
1100,744,پاک کن و غلط گیر
1101,279,ست های نظافت
1102,573,تقویت کننده ناخن
1103,157,ژل شفاف ضد تعریق
1104,451,تجهیزات کوهنوردی و صخره نوردی
1105,315,ساعت دیواری و ایستاده
1106,173,کهنه کودک و نوزاد
1107,801,ماسک پارچه‌ای زنانه و مردانه
1108,713,سبد رخت چرک
1109,322,شوینده لباس
1110,713,بند رخت و چوب لباسی
1111,713,گیره لباس
1112,521,کیت کلاچ
1113,310,سی ان سی و ماشین تراش
1114,784,زیر لیوانی، زیر بشقابی و زیر قابلمه ای
1115,255,لپه
1116,390,پودر نارگیل
1117,488,قهوه ساز و دمنوش ساز
1118,282,دانه قهوه
1119,282,کپسول قهوه
1120,479,کافی میت
1121,479,کافی میکس
1122,240,کوئل
1123,343,انواع رنگ‌های نقاشی و سایر ملزومات
1124,264,شانه و برس کودک
1125,598,شانه مو
1126,517,پوشش های رزمی
1127,517,سلاح رزمی و وسایل تمرینی
1128,311,لوح فشرده
1129,320,پرگار
1130,586,مکمل کمک درمانی
1131,287,کیس کامپیوتر
1132,371,کانسیلر
1133,708,کاندوم
1134,521,شاتون
1135,503,کابل های رابط
1136,734,تجهیزات مصرفی ماشین آلات صنعتی
1137,631,ظرف نگهدارنده
1138,371,کانتور
1139,521,کابل کنترل
1140,495,ظروف پخت و پز
1141,495,ابزار آشپزی
1142,286,خنک کننده پردازنده
1143,532,محصولات مسی
1144,346,پیچ گوشتی برقی و شارژی
1145,592,روغن ذرت
1146,256,ذرت
1147,216,کورن فلکس
1148,598,تراش آرایشی
1149,598,پد و پنبه آرایشی
1150,203,گوش پاک کن
1151,370,کرم پوشاننده
1152,521,درپوش سوپاپ
1153,521,پولی سر میل لنگ
1154,430,کرم، شامپو و اسپری رنگ مو
1155,260,پنیر خامه‌ ای
1156,173,کرم، بالم و لوسیون کودک و نوزاد
1157,321,کرم کارامل
1158,150,سرشاخه خرد کن
1159,676,فنجان و نعلبکی سنتی
1160,566,لیوان و فنجان
1161,654,مویز
1162,675,پرده دست دوز
1163,308,ملزومات پرده
1164,308,پرده
1165,309,کوسن
1166,310,پروفیل بر
1167,437,کاتر
1168,521,واشر سرسیلندر
1169,521,سرسیلندر
1170,614,دف
1171,271,شکلات تلخ
1172,768,دارت
1173,629,لوازم تزئینی باغبانی
1174,620,تابلو
1175,314,میوه و گل تزئینی
1176,161,صنایع دستی تزئینی
1177,314,تخم مرغ تزیینی
1178,359,دی جی
1179,437,گونیا
1180,524,رطوبت‌ گیر
1181,319,نخ دندان
1182,319,چسب دندان مصنوعی
1183,157,کرم ضد تعریق
1184,157,دئودورانت
1185,315,ساعت رومیزی
1186,591,لوازم اداری رومیزی
1187,524,کنترل دیابت
1188,292,کیت تشخیص
1189,168,مینی واش
1190,173,پوشک کودک و نوزاد
1191,757,قند رژیمی
1192,521,دیفرانسیل خودرو
1193,231,قاب عکس دیجیتال
1194,524,ترازو
1195,285,قطعات یدکی کالای دیجیتال
1196,524,فشارسنج
1197,322,شوینده ظروف
1198,322,ضدعفونی کننده سطوح و مواد غذایی
1199,203,ضدعفونی کننده
1200,819,غواصی
1201,524,لوازم پزشک
1202,514,مجلات داخلی
1203,189,پادری
1204,256,پودر خمیر
1205,271,دراژه
1206,631,سبد، آبکش و لگن
1207,320,تخته رسم
1208,161,کابوس گیر
1209,292,چسب پانسمان
1210,345,شوید خشک
1211,345,شنبلیله خشک
1212,345,پودر جوانه
1213,588,آجیل مخلوط
1214,392,خشکبار و آجیل سنتی
1215,737,لیمو عمانی
1216,345,نعنا خشک
1217,345,جعفری خشک
1218,346,دریل
1219,352,مته و سری
1220,282,قهوه دمی چکه‌ای
1221,475,بشکه بر
1222,647,درام
1223,572,ادوات درامز
1224,614,درامز
1225,291,ابزار دیوار کاذب
1226,293,داکت و ترانکینگ
1227,790,ساک سفری
1228,754,سنتور
1229,568,پخش کننده DVD
1230,737,زردچوبه
1231,240,ECU
1232,196,تخم مرغ
1233,360,لوازم جانبی آسانسور
1234,319,مسواک برقی
1235,519,ماساژور برقی
1236,524,تشک و پتوی برقی
1237,357,جعبه و تابلو برق
1238,734,تجهیزات برقی ماشین آلات صنعتی
1239,521,پمپ خودرو
1240,694,رنده کارگاهی
1241,675,نوار سوزن دوزی
1242,532,میناکاری
1243,741,مکمل انرژی زا
1244,521,تسمه خودرو
1245,521,قاب و کاور موتور
1246,593,روغن موتور
1247,524,دماسنج محیطی
1248,524,سلامت محیط
1249,282,قهوه اسپرسو
1250,532,قلمزنی
1251,357,هواکش
1252,467,سر اگزوز
1253,238,لوازم بیرونی خودرو
1254,231,فلاش
1255,311,هارد دیسک اکسترنال
1256,311,حافظه SSD اکسترنال
1257,332,عرقیات گیاهی
1258,598,برس ها و تجهیزات آرایشی چشم و ابرو
1259,370,کرم دور چشم
1260,368,لنز چشم
1261,368,خط چشم
1262,368,مداد چشم
1263,369,رنگ ابرو
1264,369,ژل و صابون ابرو
1265,369,تقویت‌کننده ابرو
1266,369,ریمل ابرو
1267,369,مداد ابرو
1268,598,تیغ ابرو
1269,598,قیچی ابرو
1270,369,سایه ابرو
1271,368,تقویت‌کننده مژه
1272,368,سایه چشم
1273,250,فرش پارچه‌ای
1274,667,ماسک دست‌دوز
1275,370,ماسک صورت و بدن
1276,370,روغن صورت
1277,370,تونر
1278,291,فن کویل
1279,521,موتور فن و تهویه
1280,291,شیرآلات
1281,537,شیر طعم دار
1282,250,نمد فرش
1283,588,انجیر
1284,437,سوهان و سنباده
1285,532,ملیله کاری
1286,370,کرم سفت کننده پوست
1287,149,دستگاه های بدنسازی و هوازی
1288,246,تجهیزات تعمیرگاهی
1289,776,پرچم
1290,451,چراغ قوه
1291,302,خامه طعم‌ دار
1292,845,ماست طعم‌ دار
1293,256,تخم کتان
1294,256,انواع آرد
1295,314,گل و گلدان
1296,629,گلدان باغبانی
1297,591,پوشه
1298,203,کرم ترک پا
1299,598,سنگ پای برقی
1300,760,ساپورت های پا
1301,706,قاشق، چنگال و کارد
1302,475,لیفتراک
1303,371,کرم پودر
1304,744,خودنویس
1305,588,چهار مغز
1306,521,هرزگرد
1307,282,قهوه فرانسه
1308,696,سس فرانسوی
1309,737,پیاز سرخ‌شده
1310,763,آبمیوه
1311,770,چای میوه‌ای
1312,592,روغن مایع سرخ کردنی
1313,241,فیلتر سوخت
1314,537,شیر پرچرب
1315,845,ماست پرچرب
1316,666,گبه دستبافت
1317,407,دسته بازی
1318,737,پودر سیر، موسیر و پیاز
1319,365,کنترلر گاز
1320,310,قیچی برقی
1321,593,روغن گیربکس
1322,521,گیربکس
1323,432,ژل و فوم اصلاح
1324,318,تجهیزات عمومی دندانپزشکی
1325,203,ژل بهداشتی
1326,675,شلف گره چینی محلی
1327,345,سبزی خشک قرمه سبزی
1328,415,پاکت هدیه و ساک خرید
1329,415,کاغذ کادو
1330,737,زنجبیل
1331,417,اکسسوری دخترانه
1332,417,لباس دخترانه
1333,417,کفش دخترانه
1334,492,زیورآلات طلا دخترانه
1335,417,ورزشی دخترانه
1336,322,شیشه پاک کن
1337,161,ظروف شیشه‌ای
1338,290,دستگاه چسب
1339,591,چسب
1340,332,گلاب
1341,420,سکه طلا
1342,231,لوازم جانبی دوربین های ورزشی
1343,713,کاور پوشاک
1344,287,کارت گرافیک
1345,654,کشمش سبز
1346,770,چای سبز کیسه‌ای
1347,770,چای سبز
1348,238,جلو پنجره و قاب پلاک
1349,352,صفحه فرز و پولیش
1350,572,افکت گیتار
1351,754,گیتار
1352,572,آمپلی‌فایر
1353,786,تفنگ و مبارزه
1354,149,تجهیزات و لوازم بدنسازی و هوازی
1355,620,قاب عکس
1356,314,هفت سین
1357,598,تجهیزات رنگ مو
1358,430,پالت رنگ مو
1359,430,رنگ مو
1360,430,بی رنگ کننده مو
1361,427,نرم‌کننده مو
1362,427,لوسیون مو
1363,427,ماسک و مراقبت مو
1364,430,موس مو
1365,427,روغن مو
1366,432,کرم موبر
1367,432,موبر
1368,427,سرم و اسپری مو
1369,427,شامپو مو
1370,430,اسپری مو
1371,430,واکس مو
1372,435,حلوا شکری و حلوا ارده
1373,437,چکش
1374,314,بادبزن
1375,784,دستگیره
1376,666,گلیم دستبافت
1377,475,جک پالت و استاکر
1378,760,ساپورت های دست
1379,162,لوازم مصرفی هنرهای دستی
1380,776,کیف دست دوز پارچه ای
1381,161,جعبه هدیه
1382,784,دستمال نظافت خانه و آشپزخانه
1383,238,دستگیره در خودرو
1384,250,فرش دستبافت
1385,161,ساعت دست‌ساز
1386,776,دستمال و حوله دستبافت
1387,509,چراغ تزئینی
1388,311,لوازم جانبی کیف پول سخت افزاری
1389,311,کیف پول سخت افزاری
1390,831,سازدهنی
1391,754,چنگ
1392,150,علوفه کوب
1393,588,فندق
1394,467,سر دنده
1395,150,هد برداشت
1396,147,دستمال سر و گردن
1397,542,کیف و کاور هدفون
1398,618,بهداشت، مراقبت و نگهداری حیوانات
1399,202,سشوار صنعتی
1400,410,شمشاد زن موتوری
1401,264,چارت اندازه گیری کودک و نوزاد
1402,392,نوشیدنی‌های ارگانیک
1403,392,عرقیات و گلاب محلی
1404,371,هایلایتر
1405,784,سرویس و ست لوازم پارچه ای آشپزخانه
1406,568,پخش کننده خانگی
1407,682,شکلات خانگی
1408,681,کمپوت خانگی
1409,670,مربا خانگی
1410,623,چاشنی‌های ترش خانگی
1411,214,رشته خانگی
1412,623,زیتون محلی
1413,670,کره بادام زمینی خانگی
1414,623,خیارشور و ترشیجات خانگی
1415,682,شیرینی خانگی
1416,410,شلنگ
1417,292,البسه بیمارستانی
1418,405,مبلمان و دکوراسیون خانگی
1419,580,هاب سوئیچ
1420,786,شوخی و سرگرمی
1421,734,تجهیزات هیدرولیکی ماشین آلات صنعتی
1422,475,بالابر هیدرولیک
1423,475,میز هیدرولیک بالابر
1424,593,روغن هیدرولیک
1425,631,ظرف و قالب یخ
1426,285,لوازم جانبی آی مک
1427,244,کیت ایموبلایزر
1428,346,آچار ضربه ای
1429,314,عود
1430,203,بخور
1431,293,چسب صنعتی
1432,278,بخارشوی صنعتی
1433,278,جاروبرقی صنعتی
1434,267,تجهیزات بازی بادی
1435,292,تزریقات
1436,521,سوزن انژکتور
1437,521,انژکتور
1438,841,خاتم کاری
1439,231,کاغذ چاپ سریع
1440,786,فکری و آموزشی
1441,311,هارددیسک اینترنال
1442,580,اینترنت اشیا
1443,415,کارت دعوت
1444,664,برنج ایرانی
1445,485,میز اتو
1446,246,جک خودرو
1447,776,جاجیم
1448,631,ظرف مربا و عسل
1449,321,ژله
1450,847,جتمارت
1451,566,پارچ و بطری
1452,489,کالیمبا
1453,754,کمانچه
1454,741,کراتین
1455,488,کتری و قوری
1456,161,جاکلیدی
1457,489,کیبورد و ارگ
1458,174,اکسسوری نوزاد
1459,174,لباس نوزاد
1460,174,کفش نوزاد
1461,673,پوشاک بچگانه
1462,776,ملزومات بافتنی
1463,675,محصولات بافتنی
1464,498,لوازم جانبی پرینتر لیبل زن و حرارتی
1465,647,برچسب پرینتر لیبل زن
1466,498,پرینتر لیبل زن و پرینتر حرارتی
1467,509,لامپ و چراغ
1468,503,کیف و کاور لپ تاپ
1469,503,باتری لپ‌تاپ
1470,503,شارژر مخصوص لپ‌تاپ
1471,503,سایر لوازم جانبی لپ تاپ
1472,606,لازانیا
1473,427,تقویت کننده مو
1474,368,مژه مصنوعی
1475,479,قهوه لاته
1476,410,چمن زن برقی/موتوری
1477,295,لیزر
1478,731,مجموعه آموزشی
1479,437,ابزار و یراق آلات چرم دوزی
1480,776,کیف چرمی دست دوز
1481,714,تابلوی LED
1482,631,بانکه و ظروف بنشن
1483,231,فیلتر لنز و آداپتور فیلتر
1484,231,هود لنز
1485,255,عدس
1486,203,کرم لیفتینگ بدن
1487,509,لوازم جانبی نور و روشنایی
1488,509,لایت بورد
1489,370,کرم روشن کننده
1490,567,آنتن
1491,756,تجهیزات نور زنده
1492,231,تجهیزات آتلیه و نورپردازی
1493,581,ماءالشعیر لیمویی
1494,729,نوشابه لیمویی
1495,511,نرم کننده و بالم لب
1496,511,رژ لب مایع
1497,511,مداد لب
1498,511,تینت لب
1499,511,رژ لب مدادی
1500,511,رژ لب جامد
1501,592,روغن مایع کانولا و کلزا
1502,512,آبلیمو
1503,592,روغن مایع آفتابگردان
1504,580,لود بالانسر
1505,680,خاویار ارگانیک
1506,680,میگو تازه
1507,675,کمد دستساز بومی و محلی
1508,537,شیر کم چرب
1509,845,ماست کم چرب
1510,503,لوازم جانبی مک بوک
1511,770,چای ماچا
1512,666,گلیم ماشینی
1513,250,فرش ماشینی
1514,666,گبه ماشینی
1515,514,مجلات خارجی
1516,591,ذره بین
1517,371,تثبیت کننده آرایش
1518,370,پاک کننده آرایش صورت
1519,581,ماءالشعیر مالت
1520,526,عینک مردانه
1521,437,سنبه
1522,573,مانیکور، پدیکور
1523,519,ماساژور دستی
1524,744,ماژیک
1525,770,چای ماسالا
1526,368,ریمل
1527,518,ماسک تنفسی
1528,518,ماسک ایمنی
1529,519,صندلی ماساژور
1530,841,حصیربافی
1531,193,تشک خوشخواب
1532,696,سس مایونز
1533,744,مداد نوکی و نوک
1534,524,لوازم جانبی پزشکی
1535,292,محصولات سلولزی طبی
1536,524,تجهیزات معاینه پزشکی
1537,292,دستکش‌های طبی
1538,760,گردنبند طبی
1539,760,ساپورت های طبی
1540,831,ملودیکا
1541,231,کارت حافظه
1542,529,نیم بوت مردانه
1543,526,کوله پشتی مردانه
1544,526,کیف مردانه
1545,526,کمربند و ساسبند مردانه
1546,527,کت، جلیقه و ست رسمی مردانه
1547,529,بوت مردانه
1548,526,ماسک پارچه‌ای مردانه
1549,529,کفش کالج مردانه
1550,529,گیوه مردانه
1551,529,دمپایی لاانگشتی مردانه
1552,529,کفش رسمی مردانه
1553,526,ست هدیه مردانه
1554,526,دستکش مردانه
1555,528,دستبند طلا مردانه
1556,528,زنجیر طلا مردانه
1557,528,دکمه سردست طلا مردانه
1558,528,ست زیورآلات طلا مردانه
1559,528,جاکلیدی طلا مردانه
1560,528,گردنبند طلا مردانه
1561,528,آویز طلا مردانه
1562,528,انگشتر طلا مردانه
1563,528,گیره کراوات طلا مردانه
1564,526,اکسسوری مو مردانه
1565,526,سرپوش مردانه
1566,527,لباس راحتی مردانه
1567,527,هودی مردانه
1568,527,شلوار جین مردانه
1569,526,زیورآلات مردانه
1570,526,جاکلیدی مردانه
1571,527,ژاکت و پلیور مردانه
1572,526,کیف سفری و چمدان مردانه
1573,527,پالتو، بارانی و کاپشن مردانه
1574,527,پولوشرت مردانه
1575,529,صندل مردانه
1576,526,شال مردانه
1577,527,پیراهن مردانه
1578,527,شلوارک مردانه
1579,526,زیورآلات نقره مردانه
1580,529,دمپایی مردانه
1581,527,جوراب مردانه
1582,526,اکسسوری ورزشی مردانه
1583,529,کفش ورزشی مردانه
1584,527,لباس ورزشی مردانه
1585,527,سویشرت مردانه
1586,527,تی شرت مردانه
1587,526,کراوات و پاپیون مردانه
1588,527,تاپ مردانه
1589,667,اکسسوری سنتی مردانه
1590,673,لباس محلی مردانه
1591,527,شلوار و سرهمی مردانه
1592,527,لباس زیر مردانه
1593,526,کیف پول مردانه
1594,526,ساعت مردانه
1595,527,ساق مردانه
1596,377,کاپ قاعدگی
1597,532,معرق فلزی
1598,572,مترونوم و تیونر
1599,535,میکروسکوپ
1600,756,اینترفیس میدی
1601,756,میدی کیبورد و کنترلر
1602,488,شیر جوش - قهوه جوش
1603,824,آب معدنی
1604,475,مینی دامپر
1605,332,عرق نعنا
1606,161,آینه دست‌ساز
1607,231,سایر لوازم جانبی دوربین
1608,542,قطعات یدکی موبایل و تبلت
1609,542,محافظ لنز گوشی موبایل
1610,542,لوازم تعمیرات موبایل، تبلت و کالای دیجیتال
1611,580,مودم - روتر ADSL
1612,370,کرم مرطوب کننده و نرم کننده
1613,763,موکتل
1614,756,هدفون حرفه‌ای
1615,279,زمین شوی
1616,841,معرق کاری
1617,287,مادربرد
1618,734,تجهیزات موتوری ماشین آلات صنعتی
1619,561,دستکش موتورسیکلت
1620,561,عینک موتور سواری
1621,561,کلاه کاسکت
1622,649,لباس موتورسواری
1623,319,خوشبو کننده دهان
1624,319,دهان شویه
1625,566,سرویس پارچ و لیوان
1626,255,ماش
1627,314,جعبه و گوی موزیکال
1628,572,سیم آلات موسیقی
1629,754,عود
1630,216,میوسلی (موسلی)
1631,696,سس خردل
1632,573,قلم موی ناخن
1633,573,آویز و نگین ناخن
1634,573,ناخن مصنوعی
1635,598,سوهان و رنده پا
1636,573,مواد و لوازم کاشت ناخن
1637,573,پودر لاک ناخن
1638,573,لاک پاک کن
1639,573,لاک ناخن
1640,573,آرایش ناخن
1641,573,ناخن گیر
1642,437,میخ کوب
1643,580,لوازم جانبی NAS و سرور
1644,580,ذخیره ساز تحت شبکه (NAS)
1645,264,پوار بینی
1646,668,تخت خواب دستساز بومی و محلی
1647,675,ساعت دستساز بومی و محلی
1648,681,آدامس طبیعی
1649,763,نکتار
1650,776,سوزن دوزی
1651,580,کارت شبکه
1652,580,اتصالات شبکه
1653,831,نی
1654,334,دوغ بدون گاز
1655,664,برنج خارجی
1656,606,نودل
1657,604,دفتر
1658,831,ابوا
1659,591,اقلام مصرفی لوازم اداری
1660,405,مبلمان و دکوراسیون اداری
1661,591,مجموعه لوازم اداری
1662,241,فیلتر روغن
1663,437,لوازم روانکاری
1664,592,روغن زیتون
1665,594,زیتون هسته دار
1666,594,زیتون بدون هسته
1667,319,دستگاه شست‌وشوی دهان و دندان
1668,729,نوشابه پرتقالی
1669,681,لواشک، برگه و آلوچه خانگی
1670,631,ارگانایزر آشپزخانه
1671,801,سنگ زینتی
1672,731,سیستم عامل
1673,831,سایر سازهای بادی برنجی
1674,271,سایر فرآورده‌های کاکائویی
1675,282,سایر قهوه‌ها
1676,314,سایر لوازم تزئینی
1677,321,سایر دسرها
1678,345,سایر سبزی‌های خشک
1679,390,سایر تزئینات غذا
1680,479,سایر قهوه‌های فوری
1681,572,سایر لوازم جانبی آلات موسیقی
1682,581,سایر ماء‌الشعیرها
1683,588,سایر آجیل‌ها
1684,592,سایر روغن‌ها
1685,798,سایر رب‌ها
1686,647,سایر لوازم جانبی پرینتر
1687,654,سایر کشمش‌ها
1688,696,سایر سس‌ها
1689,435,سایر فرآورده‌های کنجدی
1690,729,سایر نوشابه‌ها
1691,737,سایر ادویه و چاشنی‌ها
1692,714,سایر تجهیزات فروشگاهی
1693,509,پروژکتور و چراغ فضای باز
1694,768,پینت بال
1695,437,ابزار نقاشی ساختمان
1696,343,پالت رنگ
1697,161,تابلو صنایع دستی
1698,604,برچسب
1699,647,سینی کاغذ
1700,604,کاغذ
1701,604,مقوا
1702,814,پارکت
1703,467,تجهیزات راحتی سرنشین
1704,606,پاستا
1705,607,ابزار تهیه کیک و دسر
1706,580,پچ پنل
1707,731,مجموعه نرم افزاری
1708,287,کارت صدا کامپیوتر
1709,255,نخود
1710,588,بادام زمینی
1711,675,اسپند سوز سنتی
1712,267,اسب رکاب‌دار
1713,521,پدال
1714,370,لایه بردار پوست
1715,744,خودکار و روان نویس
1716,744,مداد
1717,184,جامدادی
1718,696,سس فلفل
1719,737,فلفل
1720,572,ادوات پرکاشن
1721,614,پرکاشن
1722,618,غذا و مکمل حیوانات
1723,489,پیانو
1724,161,قاب عکس دست‌ساز
1725,314,قلک
1726,240,وایر شمع
1727,723,رو بالشی
1728,390,خلال پسته
1729,588,پسته
1730,521,بوش و پیستون
1731,260,پنیر پیتزا
1732,629,سموم گیاهی و جانوری
1733,629,بذر و تخم گیاهان
1734,267,تشک بازی، پارک بازی و تشک بادی
1735,437,انبر
1736,694,پولیش
1737,290,دستگاه جوش لوله پلیمری
1738,798,رب انار
1739,634,تجهیزات استخر، سونا و جکوزی
1740,568,پخش کننده چندرسانه ای پرتابل
1741,567,لوازم جانبی پخش کننده های پرتابل
1742,781,کارگاه سیار
1743,475,باربر
1744,432,مراقبت بعد از موزدایی
1745,591,تمبر
1746,415,کارت پستال
1747,343,پاستل و مداد شمعی
1748,521,استپر موتور و پتانسیومتر
1749,675,چراغ پیه سوز
1750,162,چرخ سفالگری
1751,776,مبل پاف
1752,371,پنکیک
1753,567,آداپتور برق
1754,542,پاوربانک (شارژر همراه)
1755,567,چندراهی برق و محافظ ولتاژ
1756,542,مبدل برق
1757,756,پری آمپلی‌فایر
1758,189,حمام پیش ساخته
1759,594,زیتون پرورده
1760,714,ترازوی فروشگاهی
1761,371,پرایمر
1762,647,کابل رابط پرینتر
1763,647,هد پرینتر و پلاتر
1764,647,کاغذ چاپگر و نگاتیو
1765,756,کابل تخصصی صدا
1766,287,پردازنده
1767,524,تجهیزات پزشکی حرفه ای
1768,589,لوازم جانبی پروژکتور
1769,572,میکروفون حرفه‌ای
1770,287,منبع تغذیه کامپیوتر
1771,321,پودینگ
1772,786,پازل و ساختنی
1773,293,نوار لبه پی وی سی
1774,754,قانون
1775,714,سیستم نوبت دهی
1776,255,کینوا
1777,407,فرمان ماشین بازی
1778,580,رک شبکه و سرور
1779,654,کشمش پلویی
1780,287,رم کامپیوتر و لپ‌تاپ (RAM)
1781,831,فلوت ریکوردر
1782,231,لوازم جانبی عکاسی و فیلمبرداری
1783,591,سطل زباله اداری
1784,512,سرکه قرمز
1785,591,آهن ربا
1786,760,توانبخشی
1787,567,ریموت کنترل
1788,370,کرم و ژل ترمیم کننده
1789,518,لوازم جانبی ماسک تنفسی
1790,524,تجهیزات پزشکی تنفسی
1791,647,ریبون پرینتر سوزنی
1792,631,ظرف برنج
1793,606,رشته آشی و پلویی
1794,784,دم کنی
1795,665,تجهیزات سوارکاری و بهداشت و مراقبت اسب
1796,295,ریسوگراف
1797,437,انبر پرچ
1798,786,نقش آفرینی
1799,157,رول ضد تعریق
1800,647,رول
1801,814,پوشش کف و سقف
1802,390,گل سرخ
1803,801,تسبیح
1804,314,سنگ راف
1805,580,روتر و اکسس پوینت
1806,320,خط کش
1807,675,چراغ خواب و آباژور دست ساز
1808,675,زنگوله محلی
1809,668,پتو سنتی
1810,676,بطری سنتی
1811,676,کاسه و بشقاب سنتی
1812,214,نان محلی
1813,674,کره گیاهی و حیوانی محلی
1814,682,کیک و کلوچه محلی
1815,676,شکلات خوری سنتی
1816,788,زیر لیوانی سنتی
1817,676,شیرینی خوری سنتی
1818,676,پیاله و جام سنتی
1819,668,کوسن سنتی
1820,675,آویز سرپرده سنتی
1821,675,کشو دست ساز
1822,674,پنیر خشک محلی
1823,674,کشک خشک محلی
1824,675,آتش دان محلی
1825,680,ماهی تازه
1826,681,تخمه و مغز طعم‌دار محلی
1827,675,گلدان دست ساز
1828,675,قاب دست ساز
1829,676,میوه‌ خوری دست ساز
1830,671,گبه سنتی
1831,676,گمج سنتی
1832,671,گلیم سنتی
1833,675,ست هدیه سنتی
1834,676,لیوان سنتی
1835,675,ست هفت سین سنتی
1836,670,حلوا شکری، ارده و کنجد سنتی
1837,679,سبد دستبافت
1838,679,چاقو دست ساز
1839,675,میز دست ساز
1840,675,لوستر و چراغ آویز دست ساز
1841,670,عسل طبیعی
1842,671,جاجیم سنتی
1843,676,خمره سنتی
1844,675,آویز کلید دست ساز
1845,675,سرکلیدی دست ساز
1846,676,آبلیموخوری سنتی
1847,675,قفل دست ساز
1848,679,پیمانه دست ساز
1849,679,شیرجوش سنتی
1850,675,آینه و شمعدان سنتی
1851,675,آینه سنتی
1852,679,هاون سنتی
1853,676,آجیل خوری سنتی
1854,675,ست اداری محلی
1855,678,روغن محلی
1856,676,اردور خوری سنتی
1857,679,تابه دست ساز
1858,675,قلمدان سنتی
1859,675,خودکار دست ساز
1860,676,پارچ و لیوان سنتی
1861,676,پارچ سنتی
1862,676,بشقاب سنتی
1863,676,دیگ و قابلمه سنتی
1864,675,رحل دست ساز
1865,678,برنج محلی
1866,675,گلاب ریز محلی
1867,671,قالی و قالیچه محلی
1868,676,نمکدان و فلفل پاش محلی
1869,676,سس خوری سنتی
1870,675,عطردان محلی
1871,675,مجسمه دست ساز
1872,679,تخته سرو دست ساز
1873,668,شمد محلی
1874,675,سوتک دست ساز
1875,675,سرمه دان دست ساز
1876,679,سرویس قاشق و چنگال و کارد دست ساز
1877,679,قاشق دست ساز
1878,676,قندان سنتی
1879,788,رومیزی سنتی
1880,675,ست چای دان محلی
1881,676,سرویس چای خوری سنتی
1882,676,قوری سنتی
1883,675,کاشی سنتی
1884,668,آویز حوله سنتی
1885,668,حوله محلی
1886,675,کیس و کاور سنتی
1887,676,دیس و سینی سنتی
1888,671,زیرانداز سنتی
1889,671,زیلو
1890,157,پد عرق گیر
1891,390,زعفران
1892,598,محصولات آرایشگاهی
1893,631,شکر پاش و نمک پاش
1894,737,نمک
1895,488,کتری و سماور
1896,315,ساعت شنی
1897,694,دستگاه سنباده زن
1898,825,تجهیزات و قطعات سرویس بهداشتی
1899,377,نوار بهداشتی
1900,825,لوازم بهداشتی - نظافتی سرویس بهداشتی
1901,362,تجهیزات ضدعفونی کننده
1902,410,اره
1903,831,ساکسیفون
1904,591,قیچی
1905,410,قیچی‌، چاقو و ابزار باغبانی
1906,293,پیچ و مهره، رول پلاک، میخ و پرچ
1907,437,پیچ گوشتی و فازمتر
1908,392,ادویه و چاشنی ارگانیک
1909,731,نرم‌افزارهای امنیتی
1910,588,تخمه
1911,370,کرم برنز کننده
1912,537,شیر نیم چرب
1913,357,سنسور و کلید هوشمند
1914,751,ظروف سرو و پذیرایی
1915,435,کرم کنجد
1916,592,روغن کنجد
1917,435,کنجد
1918,166,گیرنده دیجیتال DVB-T
1919,754,سه تار
1920,162,چرخ خیاطی دستی و ملزومات خیاطی
1921,708,سایر محصولات بهداشت جنسی
1922,744,تراش
1923,432,تیغ و یدک اصلاح
1924,432,لوازم جانبی اصلاح
1925,260,پنیر ورقه‌ ای
1926,723,ملحفه
1927,398,کمک فنر
1928,291,شوتینگ
1929,189,پرده حمام
1930,238,آینه جانبی
1931,532,محصولات نقره
1932,302,خامه ساده
1933,784,محافظ و آبگیر کنار سینک
1934,763,شربت
1935,665,اسکیت، اسکوتر، اسکیت برد
1936,343,تخته شاسی
1937,832,اسکی و تجهیزات اسکی
1938,583,مراقبت پوست
1939,250,فرش پوست
1940,370,سرم پوست
1941,475,اسکیت آسان‌بر
1942,722,کالای خواب و استراحت طبی
1943,189,دمپایی
1944,443,عینک هوشمند
1945,271,اسمارتیز
1946,314,اسماج
1947,157,رول صابونی
1948,309,شال مبل و تخت
1949,168,تبدیل توالت فرنگی و صندلی حمام
1950,629,خاک و کود
1951,732,باتری خورشیدی
1952,732,اینورتر خورشیدی
1953,732,پنل خورشیدی، کنترلر و سازه پنل
1954,352,لوازم جانبی هویه
1955,290,هویه
1956,592,روغن جامد و نیمه جامد گیاهی
1957,763,خاکشیر و تخم شربتی
1958,776,سرمه دوزی
1959,756,کارت صدا استدیو
1960,756,میکسر
1961,255,سویا
1962,606,ماکارونی، اسپاگتی و فتوچینی
1963,714,قطعات یدکی و لوازم جانبی پایانه‌های فروشگاهی و دستگاه‌های کارتخوان بانکی
1964,824,آب گازدار
1965,756,اسپیکر مانیتور و اجرای زنده
1966,314,ست‌های مناسبتی
1967,318,تجهیزات تخصصی دندانپزشکی
1968,631,جای ادویه
1969,760,آتل
1970,706,سرویس قاشق، کارد و چنگال
1971,147,اسکارف ورزشی
1972,147,مچ بند ورزشی
1973,741,مکمل ورزشی و تناسب اندام
1974,147,گتر
1975,157,اسپری ضد تعریق
1976,202,پیستوله و رنگ پاش
1977,410,تجهیزات جانبی سمپاش
1978,410,سمپاش
1979,231,استابیلایزر و گیمبال
1980,451,عصا
1981,591,مهر و استامپ
1982,503,استند و پایه خنک‌کننده
1983,572,صندلی و پایه‌ی آلات موسیقی
1984,591,منگنه
1985,437,منگنه کوب
1986,256,نشاسته
1987,744,لوازم جانبی نوشت افزار
1988,744,جوهر و سایر لوازم
1989,161,تندیس و مجسمه دست ساز
1990,485,لوازم جانبی اتو
1991,467,روکش فرمان
1992,814,دیوارپوش ساختمان
1993,285,لوازم جانبی تجهیزات ذخیره سازی
1994,231,بند آویز و کمربند دوربین
1995,244,قفل فرمان و پدال و زاپاس
1996,370,کرم و روغن رفع ترک بدن
1997,756,متعلقات استودیو
1998,756,میکروفون استودیویی
1999,430,ژل مو
2000,766,قلم لمسی (Stylus)
2001,757,قند
2002,790,اکسسوری ساک و چمدان
2003,370,کرم ضد آفتاب
2004,322,شوینده سطوح
2005,398,جلوبندی و تعلیق
2006,392,شیرین کننده و نبات ارگانیک
2007,819,شنا
2008,267,تاب و سرسره
2009,580,سوییچ
2010,357,کلید و پریز
2011,359,سینتی سایزر
2012,763,سیروپ
2013,776,پارچه قلمکار
2014,675,تابلو سنتی
2015,309,رومیزی و رانر
2016,766,کیف و کاور تبلت
2017,766,باتری تبلت
2018,766,کیبورد مخصوص تبلت
2019,766,محافظ صفحه نمایش تبلت
2020,766,استند تبلت
2021,754,تنبور
2022,377,تامپون
2023,203,روغن آفتاب
2024,311,ذخیره سازی مبتنی بر نوار
2025,161,ملیله کاغذی
2026,754,تار
2027,467,آفتابگیر خودرو
2028,488,فیلتر چای
2029,488,قوری
2030,488,روقوری
2031,264,دندان گیر کودک و نوزاد
2032,589,لوازم جانبی تلفن و فکس
2033,231,لوازم جانبی تلسکوپ
2034,776,ترمه
2035,776,پارچه
2036,776,بافتنی
2037,392,سبزی‌های معطر
2038,524,تب سنج و دماسنج
2039,521,ترموستات
2040,430,پرپشت کننده مو
2041,696,سس هزار جزیره
2042,737,آویشن
2043,150,ماشین شخم زنی
2044,173,کاور دستمال کاغذی و سطل کودک و نوزاد
2045,675,جا دستمال کاغذی سنتی
2046,798,رب و کنسرو گوجه فرنگی
2047,696,سس گوجه فرنگی
2048,614,تنبک
2049,647,تونر
2050,781,جعبه و کیف ابزار
2051,343,ابزار و ملزومات هنرهای تجسمی
2052,781,باکس
2053,352,لوازم یدکی ابزار برقی
2054,437,مجموعه ابزار
2055,319,مسواک
2056,319,خمیر دندان
2057,437,شعله افکن
2058,524,پد و کیسه آب گرم
2059,714,کیوسک و استند لمسی
2060,189,حوله
2061,786,جغجغه، عروسک و مدل
2062,786,قطعات و لوازم یدکی اسباب بازی
2063,667,پیکسل دست ساز
2064,757,شکرپنیر
2065,675,مبلمان و صندلی دستساز سنتی
2066,667,جعبه و کیسه هدیه دست‌ساز
2067,583,بخورات
2068,618,آموزش، سرگرمی و اکسسوری حیوانات
2069,173,شورت آموزشی کودک
2070,831,فلوت کلیددار
2071,193,تشک مهمان
2072,267,سه‌چرخه موتور و ماشین بازی
2073,231,سر سه پایه
2074,231,سه پایه و تک پایه
2075,790,چمدان
2076,831,ترومبون
2077,581,ماءالشعیر استوایی و گرمسیری
2078,437,ماله
2079,737,هل
2080,831,ترومپت
2081,291,رادیاتور
2082,282,قهوه ترک
2083,532,فیروزه کوبی
2084,598,موچین
2085,256,انواع سبوس
2086,790,چتر
2087,801,کوله پشتی زنانه و مردانه
2088,801,کیف زنانه و مردانه
2089,801,ست هدیه زنانه و مردانه
2090,801,دستکش زنانه و مردانه
2091,801,سرپوش زنانه و مردانه
2092,801,ملزومات زیورآلات
2093,801,زیورآلات زنانه و مردانه
2094,801,شال زنانه و مردانه
2095,804,مراقبت کفش و لوازم جانبی
2096,801,زیورآلات نقره زنانه و مردانه
2097,801,جوراب زنانه و مردانه
2098,801,اکسسوری ورزشی زنانه و مردانه
2099,804,کفش ورزشی زنانه و مردانه
2100,801,لوازم جانبی الکترونیکی زنانه و مردانه
2101,667,اکسسوری سنتی زنانه و مردانه
2102,801,کیف پول زنانه و مردانه
2103,801,ساعت زنانه و مردانه
2104,803,اکسسوری دخترانه و پسرانه
2105,803,لباس دخترانه و پسرانه
2106,803,کفش دخترانه و پسرانه
2107,801,عینک زنانه و مردانه
2108,802,جاکلیدی طلای زنانه و مردانه
2109,801,کراوات و پاپیون
2110,580,باتری UPS
2111,580,منبع تغذیه اضطراری (UPS)
2112,166,گیرنده تلویزیون دیجیتال USB
2113,311,فلش مموری
2114,580,UTM و فایروال
2115,713,کیسه وکیوم
2116,398,فنر لول
2117,521,سوپاپ
2118,357,واریابل
2119,751,گلدان
2120,225,کره گیاهی
2121,293,پودر مخمل
2122,512,آبغوره
2123,606,ورمیشل و رشته سوپ
2124,580,تجهیزات ویدیویی
2125,754,ویولن
2126,437,گیره و پیچ دستی
2127,756,ضبط کننده حرفه ای صدا
2128,580,تجهیزات ارتباطات سازمانی
2129,314,دیوارکوب
2130,790,کیف پول سفری
2131,814,پوستر و کاغذ دیواری
2132,588,گردو
2133,521,واشر و کاسه نمد
2134,322,مایع دستشویی
2135,189,لیف
2136,713,ظرف پودر رختشویی
2137,314,ست سطل و جای دستمال
2138,801,لوازم جانبی ساعت عقربه ای و دیجیتال
2139,362,تصفیه کننده آب
2140,362,پارچ و کلمن تصفیه آب
2141,410,پمپ سیالات
2142,362,فیلتر تصفیه کننده آب
2143,521,رادیاتور آب
2144,521,فشنگی
2145,343,آبرنگ و گواش
2146,410,لوازم آبیاری
2147,712,واکس
2148,741,مکمل افزایش وزن
2149,741,مکمل کاهش وزن
2150,290,دستگاه جوش
2151,437,ابزار جوشکاری
2152,203,دستمال مرطوب
2153,256,گندم
2154,238,رینگ و قالپاق خودرو
2155,271,شکلات سفید
2156,758,شکر سفید
2157,512,سرکه سفید
2158,591,تخته
2159,319,پودر و ژل سفید کننده
2160,240,مجموعه شیشه بالابر
2161,238,تیغه برف پاک کن
2162,437,مفتول بر، مهره شکن و پولی کش
2163,833,عینک زنانه
2164,838,نیم بوت زنانه
2165,833,کوله پشتی زنانه
2166,838,ست کیف و کفش زنانه
2167,833,کیف زنانه
2168,833,کمربند زنانه
2169,834,کت،جلیقه و ست رسمی زنانه
2170,838,کفش کالج زنانه
2171,838,بوت زنانه
2172,834,ست لباس روزمره زنانه
2173,833,ماسک پارچه‌ای زنانه
2174,834,پیراهن و لباس مجلسی زنانه
2175,350,النگو طلای دسته اول کم اجرت زنانه
2176,350,دستبند طلای دسته اول کم اجرت زنانه
2177,350,گوشواره طلای دسته اول کم اجرت زنانه
2178,350,گردنبند طلای دسته اول کم اجرت زنانه
2179,838,گیوه زنانه
2180,838,کفش تخت زنانه
2181,838,دمپایی لاانگشتی زنانه
2182,833,ست هدیه زنانه
2183,833,دستکش زنانه
2184,835,پابند طلا زنانه
2185,835,النگو طلا زنانه
2186,835,دستبند طلا زنانه
2187,835,گل سینه طلا زنانه
2188,835,زنجیر طلا زنانه
2189,835,گوشواره طلا زنانه
2190,835,ست زیورآلات طلا زنانه
2191,835,جاکلیدی طلا زنانه
2192,835,گردنبند طلا زنانه
2193,835,آویز طلا زنانه
2194,835,پیرسینگ طلا زنانه
2195,835,انگشتر طلا زنانه
2196,835,آویز ساعت طلا زنانه
2197,833,اکسسوری مو زنانه
2198,833,سرپوش زنانه
2199,838,کفش پاشنه دار زنانه
2200,838,بوت ساق بلند زنانه
2201,834,لباس خواب و راحتی زنانه
2202,834,هودی زنانه
2203,834,پوشش اسلامی
2204,834,شلوار جین زنانه
2205,833,زیورآلات زنانه
2206,834,ژاکت و پلیور زنانه
2207,834,لگینگ زنانه
2208,834,لباس بارداری
2209,834,پالتو، بارانی و کاپشن زنانه
2210,834,پولوشرت زنانه
2211,838,صندل زنانه
2212,833,اکسسوری شال و روسری زنانه
2213,833,شال و روسری زنانه
2214,834,بلوز و شومیز زنانه
2215,834,شلوارک زنانه
2216,833,زیورآلات نقره زنانه
2217,834,دامن زنانه
2218,838,دمپایی زنانه
2219,834,جوراب و ساق زنانه
2220,833,اکسسوری ورزشی زنانه
2221,838,کفش ورزشی زنانه
2222,834,لباس ورزشی زنانه
2223,834,سویشرت زنانه
2224,834,تی شرت زنانه
2225,833,کراوات و پاپیون زنانه
2226,834,تاپ و نیم تنه زنانه
2227,667,اکسسوری سنتی زنانه
2228,673,لباس محلی زنانه
2229,834,شلوار و سرهمی زنانه
2230,834,تونیک زنانه
2231,834,لباس زیر زنانه
2232,833,کیف پول و کیف لوازم آرایش زنانه
2233,833,ساعت زنانه
2234,841,منبت کاری
2235,841,خراطی
2236,842,تجهیزات کارگاهی
2237,292,ضد عفونی کننده زخم
2238,437,آچار و انبر
2239,437,آچار
2240,729,نوشابه زیرو
2241,2032,سایر لوازم جانبی تلفن
2242,1900,بوگیر و خوشبو کننده هوا
2243,1048,هواپیما و هلیکوپتر
2244,2067,عنبرنسا
2245,1435,آنژیوکت
2246,1652,کابل آنتن
2247,1786,دستگیره کمکی
2248,1458,اکسسوری نوزاد
2249,1188,بی بی چک
2250,1458,زیورآلات طلا نوزاد
2251,1492,فون (پرده)
2252,932,توپ
2253,1209,چسب زخم
2254,935,باند و گاز
2255,1898,آینه سرویس بهداشتی
2256,945,باتری و شارژر استاندارد
2257,945,گریپ دوربین
2258,2032,باتری تلفن
2259,950,لوازم جانبی دوچرخه
2260,950,دوچرخه
2261,1016,دوربین دو چشمی و تک چشمی
2262,1722,غذای پرندگان
2263,1187,لوازم جانبی تست قند خون
2264,1187,تست قند خون
2265,1187,نوار تست قند خون
2266,969,لوازم جانبی کمان
2267,969,کمان
2268,974,نیم بوت پسرانه
2269,971,کوله پشتی پسرانه
2270,971,کیف پسرانه
2271,971,کمربند پسرانه
2272,972,کت،جلیقه و ست رسمی پسرانه
2273,974,بوت پسرانه
2274,974,گیوه پسرانه
2275,971,عینک پسرانه
2276,974,دمپایی لاانگشتی پسرانه
2277,974,کفش رسمی پسرانه
2278,971,دستکش پسرانه
2279,971,سرپوش پسرانه
2280,972,لباس راحتی پسرانه
2281,972,سویشرت و هودی پسرانه
2282,972,شلوار و سرهمی جین پسرانه
2283,972,سرهمی پسرانه
2284,972,ژاکت و پلیور پسرانه
2285,972,پالتو، بارانی و کاپشن پسرانه
2286,972,پولوشرت پسرانه
2287,974,صندل پسرانه
2288,972,پیراهن پسرانه
2289,974,مراقبت کفش و لوازم جانبی پسرانه
2290,972,شلوارک پسرانه
2291,974,دمپایی پسرانه
2292,972,جوراب و ساق پسرانه
2293,971,اکسسوری ورزشی پسرانه
2294,974,کفش ورزشی پسرانه
2295,972,لباس ورزشی پسرانه
2296,972,ست لباس پسرانه
2297,972,لباس شنا پسرانه
2298,972,تی شرت پسرانه
2299,971,کراوات و پاپیون پسرانه
2300,972,تاپ پسرانه
2301,972,شلوار پسرانه
2302,972,لباس زیر پسرانه
2303,971,کیف پول پسرانه
2304,971,ساعت پسرانه
2305,1969,لوازم شکسته بندی
2306,2006,شکر قهوه‌ای ارگانیک
2307,1652,کابل کمبو
2308,1135,کابل افزایش طول
2309,1135,کابل صوتی و تصویری
2310,945,باتری و شارژر دوربین
2311,855,میز و صندلی سفری
2312,1016,چاقوی سفر و ابزار چند کاره
2313,1017,اجاق و ظرف سفری
2314,855,سایه بان
2315,2007,کلاه شنا
2316,1048,ماشین
2317,2128,کارت و ماژول
2318,1722,غذای گربه
2319,1073,سوند
2320,1798,ایفای نقش
2321,1201,ست معاینه
2322,1127,میت
2323,1417,پاپوش
2324,1110,بند رخت
2325,1110,بند سیار
2326,1418,نگهدارنده لباس و لوازم
2327,1114,زیر لیوانی
2328,1967,لوازم مصرفی و تجهیزات تخصصی دندانپزشکی
2329,1141,چاقو
2330,1141,ابزار آشپزی
2331,1140,ظروف پخت و پز
2332,1140,سرویس پخت و پز
2333,1354,لوازم پوششی و محافظتی ورزشی
2334,1172,لوازم جانبی دارت
2335,1172,دارت
2336,1420,اسباب بازی زینتی
2337,1324,دستگاه دندانپزشکی
2338,1324,لوازم دندانپزشکی
2339,1418,میز و کنسول
2340,1492,دیفیوزر
2341,1723,پیانو دیجیتال
2342,1535,ملحفه یکبار مصرف
2343,1535,حوله یکبار مصرف
2344,1200,تجهیزات جانبی غواصی
2345,1200,لباس و پوشش غواصی
2346,1722,غذای سگ
2347,2061,عروسک
2348,1214,میوه خشک بومی
2349,1223,طبل
2350,1223,چوب و لوازم جانبی درامز
2351,1223,پایه و هاردور درامز
2352,1354,دمبل
2353,1440,آموزشی
2354,1786,ابزار توانمند سازی
2355,1287,دستگاه‌های هوازی
2356,2032,رول، درام و تونر فکس
2357,1652,مبدل فیبر
2358,1420,فیجت و اسپینر
2359,2061,فیگور
2360,1969,آتل انگشت
2361,1937,فیکس
2362,1016,قمقمه، فلاسک و کلمن
2363,1898,فلاش تانک
2364,932,فوتبال دستی
2365,2128,گیت وی
2366,935,پانسمان عمومی
2367,1333,کفش رسمی دخترانه
2368,1332,پوشش اسلامی
2369,1332,سارافون دخترانه
2370,1333,نیم بوت دخترانه
2371,1331,کوله پشتی دخترانه
2372,1331,کیف دخترانه
2373,1331,کمربند دخترانه
2374,1332,کت،جلیقه و ست رسمی دخترانه
2375,1333,بوت دخترانه
2376,1332,پیراهن دخترانه
2377,1331,عینک دخترانه
2378,1333,کفش تخت دخترانه
2379,1333,دمپایی لاانگشتی دخترانه
2380,1331,ست هدیه دخترانه
2381,1332,ست لباس دخترانه
2382,1331,دستکش دخترانه
2383,1334,پابند طلا دخترانه
2384,1334,دستبند طلا دخترانه
2385,1334,گوشواره طلا دخترانه
2386,1334,ست زیورآلات طلا دخترانه
2387,1334,گردنبند طلا دخترانه
2388,1334,آویز طلا دخترانه
2389,1334,انگشتر طلا دخترانه
2390,1334,آویز ساعت طلا دخترانه
2391,1331,زیور آلات مو دخترانه
2392,1331,سرپوش دخترانه
2393,1332,لباس راحتی دخترانه
2394,1332,سویشرت و هودی دخترانه
2395,1332,شلوار و سرهمی جین دخترانه
2396,1331,زیورآلات دخترانه
2397,1332,سرهمی دخترانه
2398,1332,ژاکت و پلیور دخترانه
2399,1332,پالتو، بارانی و کاپشن دخترانه
2400,1332,پولوشرت دخترانه
2401,1333,صندل دخترانه
2402,1331,شال و روسری دخترانه
2403,1332,بلوز و شومیز دخترانه
2404,1332,شلوارک دخترانه
2405,1332,دامن دخترانه
2406,1333,دمپایی دخترانه
2407,1332,جوراب و ساق دخترانه
2408,1333,کفش ورزشی دخترانه
2409,2105,تی شرت و پولوشرت ورزشی دخترانه و پسرانه
2410,1332,لباس ورزشی دخترانه
2411,1332,لباس شنا دخترانه
2412,1332,تی شرت دخترانه
2413,1332,تاپ و تونیک دخترانه
2414,1332,شلوار دخترانه
2415,1332,لباس زیر دخترانه
2416,1331,کیف پول و کیف لوازم آرایش دخترانه
2417,1331,ساعت دخترانه
2418,2107,لوازم جانبی و اکسسوری عینک
2419,2007,عینک شنا
2420,2104,زیورآلات طلا دخترانه و پسرانه
2421,1016,رهیاب و یابنده ماهواره ای (جی پی اس)
2422,1126,پوشش‌های دفاعی
2423,1353,تجهیزات اسباب بازی جنگی
2424,1353,تفنگ
2425,1790,نمایشگر ضربان قلب
2426,1418,کتابخانه
2427,1418,مبل و صندلی خانگی
2428,1188,تست خانگی
2429,1908,رب گوجه خانگی
2430,1795,بهداشت، مراقبت و نگهداری اسب
2431,1790,دستگاه بخور و رطوبت ساز
2432,1420,ابزار شوخی
2433,1539,قوزبند طبی
2434,1007,قالب بستنی
2435,1187,کیف خنک نگه دارنده انسولین
2436,1187,سرنگ انسولین
2437,1440,فکری
2438,1354,کفش پرشی کانگو جامپ
2439,2061,آویز و جاسوییچی کودک
2440,1459,کت،جلیقه و ست رسمی نوزاد
2441,1460,بوت نوزاد
2442,1459,پیراهن و سارافون نوزاد
2443,2104,ماسک پارچه‌ای بچگانه
2444,1460,کفش تخت نوزاد
2445,2104,لوازم جانبی و اکسسوری عینک
2446,1458,دستکش نوزاد
2447,1458,سرپوش نوزاد
2448,1459,لباس راحتی نوزاد
2449,1459,شلوار و سرهمی جین نوزاد
2450,1459,سرهمی نوزاد
2451,1459,ست نوزاد
2452,1459,ژاکت و پلیور نوزاد
2453,1458,پیش بند نوزاد
2454,1459,پالتو، بارانی و کاپشن نوزاد
2455,1459,شلوار نوزاد
2456,1459,پولوشرت نوزاد
2457,1460,صندل نوزاد
2458,1459,بلوز و شومیز نوزاد
2459,1459,شلوارک نوزاد
2460,1459,دامن نوزاد
2461,1460,دمپایی نوزاد
2462,1459,جوراب و ساق نوزاد
2463,1460,کفش ورزشی نوزاد
2464,1459,لباس ورزشی نوزاد
2465,1459,سویشرت و هودی نوزاد
2466,1459,لباس شنا نوزاد
2467,1459,تی شرت نوزاد
2468,1459,تاپ و تونیک نوزاد
2469,1459,لباس زیر نوزاد
2470,1206,سبد آشپزخانه
2471,1141,فندک آشپزخانه
2472,1141,قیچی آشپزخانه
2473,1420,کایت و بادبادک
2474,1016,کیف چاقو
2475,1652,کابل شبکه (LAN)
2476,1938,زالو
2477,1969,آتل پا
2478,1492,چادر عکاسی
2479,855,زیر انداز
2480,1141,تخته گوشت
2481,1533,مداد نوکی
2482,1417,پیش بند پزشکی
2483,1539,کمربند طبی
2484,1417,کلاه پزشکی
2485,1539,آرنج بند طبی
2486,935,گاز طبی
2487,1539,شانه بند طبی
2488,1130,مکمل  دارویی
2489,1535,زیراندازهای طبی و پزشکی
2490,1594,ساعت عقربه ای مردانه
2491,1569,دستبند مردانه
2492,1569,زنجیر مردانه
2493,1573,پالتو مردانه
2494,1569,دکمه سردست مردانه
2495,1594,ساعت دیجیتال مردانه
2496,1590,گیوه سنتی مردانه
2497,1520,فریم عینک طبی مردانه
2498,1520,عینک آفتابی مردانه
2499,1546,کت تک رسمی مردانه
2500,1546,جلیقه رسمی مردانه
2501,1520,لوازم جانبی و اکسسوری عینک مردانه
2502,1566,شلوار راحتی مردانه
2503,1566,ست لباس راحتی مردانه
2504,1566,تاپ و تی شرت راحتی مردانه
2505,1569,ست زیورآلات مردانه
2506,1573,کت چرم مردانه
2507,1569,گردنبند مردانه
2508,1573,جلیقه پاییزه مردانه
2509,1569,آویز مردانه
2510,1573,پافر مردانه
2511,1569,انگشتر مردانه
2512,1579,دستبند نقره مردانه
2513,1579,سکه و شمش نقره
2514,1579,زنجیر نقره مردانه
2515,1579,ست زیورآلات نقره مردانه
2516,1579,گردنبند نقره مردانه
2517,1579,آویز نقره مردانه
2518,1579,انگشتر نقره مردانه
2519,1584,جوراب ورزشی مردانه
2520,1584,کاپشن و جلیقه ورزشی مردانه
2521,1584,پولوشرت ورزشی مردانه
2522,1584,ست تی‌شرت و شلوارک ورزشی مردانه
2523,1584,شلوارک ورزشی مردانه
2524,1584,سویشرت و هودی ورزشی مردانه
2525,1584,تی شرت ورزشی مردانه
2526,1584,شلوار ورزشی مردانه
2527,1584,لباس زیر ورزشی مردانه
2528,1546,ست کت و شلوار مردانه
2529,1584,لباس شنا مردانه
2530,1584,گرمکن و ست ورزشی مردانه
2531,1589,کیف دست‌دوز مردانه
2532,1589,کمربند دست‌دوز مردانه
2533,1590,کلاه سنتی مردانه
2534,1589,زیورآلات دست ساز مردانه
2535,1590,شلوار سنتی مردانه
2536,1590,شال دست‌دوز مردانه
2537,1590,پیراهن سنتی مردانه
2538,1590,کفش دست‌دوز مردانه
2539,1590,جوراب و پاپوش سنتی مردانه
2540,1589,کراوات سنتی مردانه
2541,1590,جلیقه سنتی مردانه
2542,1589,ساعت دست‌ساز مردانه
2543,1592,زیرپوش مردانه
2544,1592,شورت مردانه
2545,1573,کاپشن مردانه
2546,1573,کت پاییزه و زمستانه مردانه
2547,1566,شلوارک راحتی مردانه
2548,1126,دستکش رزمی
2549,1048,قایق، کشتی و مدل
2550,1048,موتور
2551,1435,سر سوزن
2552,1652,ابزار شبکه
2553,1209,چسب بینی
2554,1660,کمد فایل و قفسه اداری
2555,1660,مبل و صندلی اداری
2556,1660,میز اداری
2557,1080,حبوبات و سویا ارگانیک
2558,1080,غلات ارگانیک
2559,1908,زعفران و زرشک ارگانیک
2560,2128,مودم‌های سازمانی
2561,2128,مبدل‌های سازمانی
2562,1141,سایر ابزار آشپزی
2563,1660,سایر لوازم اداری
2564,1140,سایر ظروف
2565,1201,اتوسکوپ
2566,1694,ماسک پینت بال
2567,1114,زیر قابلمه‌ای و زیربشقابی
2568,1007,قالب کیک، شیرینی و دسر
2569,2128,PBX
2570,1767,یادآور و نگهدارنده قرص و دارو
2571,932,میز پینگ پنگ
2572,1900,آفتابه
2573,1492,سه پایه نگهدارنده
2574,1016,قهوه‌ساز و اسپرسوساز سفری
2575,1140,قابلمه و تابه
2576,1354,تقویت کننده تنفس
2577,1140,زودپز
2578,1354,بارفیکس
2579,1127,کیسه بوکس
2580,2062,لوازم جانبی پازل و ساختنی
2581,932,راکت
2582,1492,رادیو تریگر
2583,2061,جغجغه
2584,1492,رفلکتور
2585,1790,تجهیزات کمک تنفسی
2586,1795,تجهیزات سوارکاری
2587,1417,روپوش
2588,1722,غذای جوندگان
2589,1354,طناب
2590,1402,قهوه ارگانیک
2591,1214,خرمای محلی
2592,1403,عرقیات و گلاب سنتی
2593,2037,سبزی خشک خانگی
2594,1908,ادویه‌های ارگانیک
2595,1402,دمنوش گیاهی
2596,1214,آجیل سنتی
2597,2006,قند و نبات ارگانیک
2598,1402,چای ارگانیک ایرانی
2599,1767,سیفتی باکس
2600,1435,ست سرم
2601,1492,شیدر نورپردازی
2602,2096,سکه و شمش نقره
2603,1935,اسکیت و اسکوتر
2604,1937,تجهیزات جانبی اسکی
2605,1938,روغن های مراقبت پوست
2606,1767,استپلر پوستی
2607,855,کیسه خواب
2608,1417,کاور آستین
2609,1937,سورتمه برفی
2610,1937,اسنوبرد
2611,1900,مخزن مایع دستشویی
2612,1492,سافت باکس
2613,1955,دستگاه هویه
2614,1141,سرویس کفگیر و ملاقه
2615,1767,اسپکولوم
2616,1652,اسپلیتر
2617,1354,قمقمه و شیکر ورزشی
2618,1898,توالت ایرانی
2619,1201,گوشی پزشکی
2620,1354,تجهیزات جانبی ایروبیک و تناسب اندام
2621,1492,کیت فلاش آتلیه ای
2622,1492,فلاش آتلیه ای
2623,1492,نور ثابت
2624,1492,پنکه آتلیه
2625,1088,مکمل  کودکان و نوزادان
2626,1767,تیغ جراحی
2627,1420,اسباب بازی شانسی
2628,2007,لوازم جانبی شنا
2629,1435,سرنگ
2630,2032,کابل تلفن
2631,2032,هدست تلفن
2632,2032,تجهیزات تلفن سانترال
2633,1767,دستگاه تنس
2634,855,چادر مسافرتی
2635,1533,نوک
2636,1900,پایه رول دستمال
2637,1900,روکش توالت فرنگی
2638,1898,توالت فرنگی
2639,1900,ست سرویس بهداشتی
2640,1900,جامسواکی
2641,2062,لوازم جانبی و یدکی اسباب بازی
2642,1353,اسباب بازی جنگی
2643,2101,کیف سنتی زنانه و مردانه
2644,1589,پاپیون سنتی مردانه
2645,2101,پاپیون دست‌دوز زنانه و مردانه
2646,2101,کراوات سنتی زنانه و مردانه
2647,2101,ساعت دست‌ساز زنانه و مردانه
2648,2227,پاپیون دست‌دوز زنانه
2649,2227,اکسسوری دست‌ساز مو
2650,2227,تل مو دست ساز زنانه
2651,1048,قطار
2652,1016,تجهیزات جانبی سفر و کمپینگ
2653,1016,ماگ سفری
2654,1492,چتر فلاش آتلیه
2655,2103,ساعت عقربه ای زنانه و مردانه
2656,2093,ست دستبند زنانه و مردانه
2657,2093,دستبند زنانه و مردانه
2658,2107,عینک آفتابی زنانه و مردانه
2659,2093,جعبه جواهرات
2660,2093,جاکلیدی زنانه و مردانه
2661,2093,آویز زنانه و مردانه
2662,2093,پیرسینگ زنانه و مردانه
2663,2093,ست انگشتر زنانه و مردانه
2664,2093,ست زنانه و مردانه
2665,2096,دستبند نقره زنانه و مردانه
2666,2096,آویز نقره زنانه و مردانه
2667,2096,ست انگشتر نقره زنانه و مردانه
2668,2100,قاب تبلت زنانه و مردانه
2669,2103,ست ساعت زنانه و مردانه
2670,2104,ساعت عقربه ای دخترانه و پسرانه
2671,2104,کوله پشتی دخترانه و پسرانه
2672,2104,کیف دخترانه و پسرانه
2673,2104,کمربند دخترانه و پسرانه
2674,2104,دستبند دخترانه و پسرانه
2675,2104,ساعت دیجیتال دخترانه و پسرانه
2676,2104,عینک دخترانه و پسرانه
2677,2104,دستکش دخترانه و پسرانه
2678,2104,سرپوش دخترانه و پسرانه
2679,2105,شلوار و شلوارک راحتی دخترانه و پسرانه
2680,2105,ست لباس راحتی دخترانه و پسرانه
2681,2105,تاپ و تی شرت راحتی دخترانه و پسرانه
2682,2105,شلوار و سرهمی جین دخترانه و پسرانه
2683,2104,کیف سفری و چمدان دخترانه و پسرانه
2684,2104,آویز (پلاک) دخترانه و پسرانه
2685,2105,شلوارک دخترانه و پسرانه
2686,2105,جوراب دخترانه و پسرانه
2687,2106,کفش ورزشی دخترانه و پسرانه
2688,2105,سویشرت و هودی ورزشی دخترانه و پسرانه
2689,2105,شلوار و سرهمی ورزشی دخترانه و پسرانه
2690,2105,سویشرت و هودی دخترانه و پسرانه
2691,2105,گرمکن و ست ورزشی دخترانه و پسرانه
2692,2105,شلوار و سرهمی دخترانه و پسرانه
2693,2105,تی شرت و پولوشرت دخترانه و پسرانه
2694,2104,کیف پول دخترانه و پسرانه
2695,2103,ساعت دیجیتال زنانه و مردانه
2696,2107,فریم عینک طبی زنانه و مردانه
2697,2093,انگشتر زنانه و مردانه
2698,2096,جاکلیدی نقره زنانه و مردانه
2699,2101,زیورآلات بومی و محلی مردانه و زنانه
2700,1073,لوله و کیسه ادرار
2701,1767,دستگاه رگ یاب
2702,1206,آبکش و آبگیر
2703,2032,تجهیزات تلفن VoIP
2704,1209,چسب کمر
2705,1786,واکر
2706,1418,شلف و طبقه
2707,1898,روشویی
2708,1786,ویلچر
2709,1652,توسعه دهنده محدوده بی‌سیم
2710,2233,ساعت عقربه ای زنانه
2711,2093,گردنبند زنانه و مردانه
2712,2205,پابند زنانه
2713,2214,بلوز زنانه
2714,2214,بادی زنانه
2715,2231,بادی راحتی زنانه
2716,2231,سوتین زنانه
2717,2205,دستبند زنانه
2718,2205,گل سینه زنانه
2719,2228,برقع سنتی زنانه
2720,2203,چادر
2721,2205,زنجیر زنانه
2722,2209,پالتو زنانه
2723,2233,ساعت دیجیتال زنانه
2724,2205,گوشواره زنانه
2725,2228,گیوه سنتی زنانه
2726,2163,فریم عینک طبی زنانه
2727,2163,عینک آفتابی زنانه
2728,2163,لوازم جانبی و اکسسوری عینک زنانه
2729,2201,اکسسوری لباس راحتی زنانه
2730,2201,شلوار راحتی زنانه
2731,2201,لباس خواب زنانه
2732,2201,ست لباس راحتی زنانه
2733,2201,تاپ و تی‌شرت راحتی زنانه
2734,2169,کت رسمی زنانه
2735,2205,ست زیورآلات زنانه
2736,2205,جاکلیدی زنانه
2737,2209,کت چرم زنانه
2738,2209,کت پاییزه و زمستانه زنانه
2739,2203,مانتو، وست و رویه زنانه
2740,2203,مانتو و شلوار زنانه
2741,2208,پیراهن و لباس مجلسی بارداری
2742,2208,لباس راحتی بارداری
2743,2208,بلوز و شومیز بارداری
2744,2208,دامن بارداری
2745,2208,تی شرت و پولوشرت بارداری
2746,2208,شلوار و سرهمی بارداری
2747,2208,لباس زیر بارداری
2748,2205,گردنبند زنانه
2749,2209,جلیقه پاییزه و زمستانه زنانه
2750,2205,آویز زنانه
2751,2205,پیرسینگ زنانه
2752,2209,پافر زنانه
2753,2209,بارانی زنانه
2754,2205,انگشتر زنانه
2755,2203,مقنعه و پوشیه
2756,2231,گن زنانه
2757,2214,شومیز زنانه
2758,2216,پابند نقره زنانه
2759,2216,دستبند نقره زنانه
2760,2216,سکه و شمش نقره
2761,2216,زنجیر نقره زنانه
2762,2216,گوشواره نقره زنانه
2763,2216,ست زیورآلات نقره زنانه
2764,2216,گردنبند نقره زنانه
2765,2216,آویز نقره زنانه
2766,2216,پیرسینگ نقره زنانه
2767,2216,انگشتر نقره زنانه
2768,2216,آویز ساعت نقره زنانه
2769,2219,جوراب زنانه
2770,2222,جوراب ورزشی زنانه
2771,2222,لگینگ ورزشی زنانه
2772,2222,کاپشن و جلیقه ورزشی زنانه
2773,2222,پولوشرت ورزشی زنانه
2774,2222,شلوارک ورزشی زنانه
2775,2222,دامن و پیراهن ورزشی زنانه
2776,2222,سویشرت و هودی ورزشی زنانه
2777,2222,تی شرت ورزشی زنانه
2778,2222,تاپ و نیم تنه ورزشی زنانه
2779,2222,شلوار و سرهمی ورزشی زنانه
2780,2222,لباس زیر ورزشی زنانه
2781,2219,جوراب شلواری زنانه
2782,2169,ست رسمی زنانه
2783,2222,لباس شنا زنانه
2784,2219,ساق زنانه
2785,2222,گرمکن و ست ورزشی زنانه
2786,2227,کیف سنتی زنانه
2787,2227,کمربند دست‌دوز زنانه
2788,2228,کلاه سنتی زنانه
2789,2227,زیورآلات دست ساز زنانه
2790,2228,مانتو سنتی زنانه
2791,2228,شلوار سنتی زنانه
2792,2228,پانچو سنتی زنانه
2793,2228,شال و روسری سنتی زنانه
2794,2228,بلوز سنتی زنانه
2795,2228,کفش سنتی زنانه
2796,2228,جوراب و پاپوش سنتی زنانه
2797,2228,تی شرت سنتی زنانه
2798,2227,کراوات دست‌دوز زنانه
2799,2228,تاپ سنتی زنانه
2800,2228,جلیقه سنتی زنانه
2801,2227,ساعت دست‌ساز زنانه
2802,2231,اکسسوری لباس زیر زنانه
2803,2231,شورت زنانه
2804,2231,ست لباس زیر زنانه
2805,2169,جلیقه رسمی زنانه
2806,2209,کاپشن زنانه
2807,2205,آویز ساعت زنانه
2808,2201,شلوارک راحتی زنانه
2809,1331,زیورآلات نقره دخترانه
2810,2259,کیف دوچرخه
2811,2259,بوق و زنگ
2812,2427,نیمکت
2813,2259,چراغ دوچرخه
2814,2259,قطعات دوچرخه
2815,2259,قمقمه دوچرخه
2816,2262,سنگ کلسیم و بلوک پرندگان
2817,2262,تشویقی پرندگان
2818,2262,غذا و دانه پرندگان
2819,2262,مکمل و تقویتی پرندگان
2820,2304,ساعت عقربه ای پسرانه
2821,2302,بادی پسرانه
2822,2285,پالتو پسرانه
2823,2304,ساعت دیجیتال پسرانه
2824,2280,شلوار و شلوارک راحتی پسرانه
2825,2280,ست لباس راحتی پسرانه
2826,2280,تاپ و تی شرت راحتی پسرانه
2827,2272,کت تک رسمی پسرانه
2828,2285,کت چرم پسرانه
2829,2285,کت پسرانه
2830,2285,جلیقه پسرانه
2831,2295,کاپشن و جلیقه ورزشی پسرانه
2832,2295,شلوارک ورزشی پسرانه
2833,2295,سوئیشرت و هودی ورزشی پسرانه
2834,2295,تیشرت و پولوشرت ورزشی پسرانه
2835,2295,شلوار و سرهمی ورزشی پسرانه
2836,2295,لباس زیر ورزشی پسرانه
2837,2272,ست رسمی پسرانه
2838,2297,مایو پسرانه
2839,2295,گرمکن و ست ورزشی پسرانه
2840,2302,شورت پسرانه
2841,2302,زیرپوش پسرانه
2842,2272,جلیقه رسمی پسرانه
2843,2285,کاپشن پسرانه
2844,2437,ساختنی
2845,2310,شارژر باتری لیتیومی دوربین
2846,2310,باتری لیتیومی
2847,2318,غذای خشک گربه
2848,2318,تشویقی گربه
2849,2318,مالت و مکمل تقویتی گربه
2850,2318,غذای مرطوب، کنسرو و پوچ گربه
2851,2326,جالباسی
2852,2259,کامپیوتر و حسگر
2853,2339,کنسول
2854,2427,صندلی
2855,2259,چادر و پوشش دوچرخه
2856,2339,میز و صندلی ناهارخوری
2857,2339,میز ناهارخوری
2858,2344,لوازم جانبی غواصی
2859,2345,فین غواصی
2860,2344,کارد غواصی
2861,2344,چراغ غواصی
2862,2345,ماسک غواصی
2863,2345,کفش و جوراب غواصی
2864,2345,وت سوت غواصی
2865,2346,غذای خشک سگ
2866,2346,مکمل و مولتی ویتامین سگ
2867,2346,غذای مرطوب، کنسرو و پوچ سگ
2868,2353,آشنایی با فنون
2869,2326,فایل کشویی
2870,2353,بازی آموزشی
2871,2355,دوچرخه ثابت و الپتیکال
2872,2339,میز پذیرایی
2873,2562,قیف
2874,2353,ربات و گجت
2875,2368,چادر دخترانه
2876,2368,مانتو و شلوار دخترانه
2877,2368,مقنعه و پوشیه دخترانه
2878,2415,ست لباس زیر دخترانه
2879,2417,ساعت عقربه ای دخترانه
2880,2411,مایو دو تکه دخترانه
2881,2403,بلوز دخترانه
2882,2415,بادی راحتی دخترانه
2883,2403,بادی دخترانه
2884,2415,سوتین دخترانه
2885,2396,دستبند دخترانه
2886,2396,گل سینه دخترانه
2887,2399,پالتو دخترانه
2888,2417,ساعت دیجیتال دخترانه
2889,2396,گوشواره دخترانه
2890,2393,شلوار و شلوارک راحتی دخترانه
2891,2393,ست لباس راحتی دخترانه
2892,2393,تاپ و تی شرت راحتی دخترانه
2893,2374,کت رسمی دخترانه
2894,2396,ست زیورآلات دخترانه
2895,2396,جاکلیدی دخترانه
2896,2399,کت چرم دخترانه
2897,2399,کت دخترانه
2898,2368,مانتو، پانچو و رویه دخترانه
2899,2396,گردنبند دخترانه
2900,2399,جلیقه دخترانه
2901,2396,آویز دخترانه
2902,2396,انگشتر دخترانه
2903,2403,شومیز دخترانه
2904,2809,گردنبند نقره دخترانه
2905,2809,انگشتر نقره دخترانه
2906,2407,جوراب دخترانه
2907,2410,کاپشن و جلیقه ورزشی دخترانه
2908,2410,شلوارک ورزشی دخترانه
2909,2410,دامن ورزشی دخترانه
2910,2410,سویشرت و هودی ورزشی دخترانه
2911,2410,تی شرت و پولوشرت ورزشی دخترانه
2912,2410,تاپ و نیم تنه ورزشی دخترانه
2913,2410,شلوار و سرهمی ورزشی دخترانه
2914,2410,لباس زیر ورزشی دخترانه
2915,2374,ست رسمی دخترانه
2916,2411,شورت مایو دخترانه
2917,2411,مایو یک تکه دخترانه
2918,2407,ساق دخترانه
2919,2410,گرمکن و ست ورزشی دخترانه
2920,2403,تونیک دخترانه
2921,2415,شورت دخترانه
2922,2374,جلیقه رسمی دخترانه
2923,2399,کاپشن دخترانه
2924,2259,عینک ورزشی
2925,2420,گل سینه طلا دخترانه و پسرانه
2926,2420,زنجیر طلا دخترانه و پسرانه
2927,2420,گردنبند طلا دخترانه و پسرانه
2928,2259,دستکش دوچرخه سواری
2929,2259,گریپ و نوار دسته
2930,2259,بست قمقمه
2931,2339,میز و دراور
2932,2562,در قابلمه
2933,2437,بازی فکری
2934,2466,مایو دو تکه نوزاد
2935,2469,بادی نوزاد
2936,2454,پالتو نوزاد
2937,2448,شلوار و شلوارک راحتی نوزاد
2938,2448,ست لباس راحتی نوزاد
2939,2448,تاپ و تی شرت راحتی نوزاد
2940,2440,کت پاییزه و زمستانی نوزاد
2941,2454,کت نوزاد
2942,2454,جلیقه نوزاد
2943,2462,جوراب نوزاد
2944,2464,دامن ورزشی نوزاد
2945,2464,شلوار و سرهمی ورزشی نوزاد
2946,2466,شورت مایو نوزاد
2947,2466,مایو یک تکه نوزاد
2948,2462,ساق نوزاد
2949,2464,گرمگن و ست ورزشی نوزاد
2950,2469,شورت نوزاد
2951,2440,جلیقه پاییزه و زمستانی نوزاد
2952,2454,کاپشن نوزاد
2953,2454,سرهمی زمستانی نوزاد
2954,2259,قفل دوچرخه
2955,2739,مانتو، پانچو و رویه
2956,2529,مایو و لباس شنای مردانه
2957,2534,دستبند دست‌ساز مردانه
2958,2534,نیم ست زیورآلات دست‌ساز مردانه
2959,2534,ست زیورآلات دست‌ساز مردانه
2960,2534,گردنبند دست‌ساز مردانه
2961,2534,انگشتر دست‌ساز مردانه
2962,2529,لباس غواصی مردانه
2963,2259,آینه دوچرخه
2964,2555,صندلی اداری
2965,2353,اوریگامی
2966,2562,آسیاب نمک و فلفل
2967,2346,تشویقی سگ
2968,2581,پینگ پنگ
2969,2259,تلمبه
2970,2437,پازل
2971,2581,لوازم جانبی راکت
2972,2588,سنگ کلسیم و بلوک جوندگان
2973,2588,یونجه و غذای جوندگان
2974,2588,تشویقی جوندگان
2975,2588,مکمل و تقویتی جوندگان
2976,2603,اسکیت کفشی و اسکیت بورد
2977,2355,روینگ
2978,2259,لوازم ایمنی
2979,2603,اسکوتر
2980,2326,جاکفشی
2981,2603,تجهیزات جانبی اسکیت و هاکی
2982,2427,مبل
2983,2427,پاف و بین بگ
2984,2603,لوازم جانبی اسکوتر برقی
2985,2603,اسکوتر برقی
2986,2256,باتری استاندارد
2987,2256,شارژر استاندارد
2988,2355,استپر
2989,2326,کمد لباس و ارگانایزر
2990,2581,تنیس، بدمینتون، اسکواش
2991,2259,ابزار دوچرخه
2992,2355,تردمیل
2993,2420,دستبند طلا دخترانه و پسرانه
2994,2420,آویز طلا(پلاک) دخترانه و پسرانه
2995,2562,صافی
2996,2555,مبل و صندلی انتظار
2997,2739,مانتو کتی زنانه
2998,2789,پابند دست‌ساز زنانه
2999,2789,دستبند دست‌ساز زنانه
3000,2789,سنجاق سینه دست‌ساز
3001,2789,گوشواره دست‌ساز زنانه
3002,2789,نیم ست زیورآلات دست‌ساز زنانه
3003,2789,ست زیورآلات دست‌ساز زنانه
3004,2789,گردنبند دست‌ساز زنانه
3005,2789,انگشتر دست‌ساز زنانه
3006,2739,وست زنانه
3007,2874,لوازم جانبی گجت
3008,2874,ربات
